11beat;aleck64;
18wheelr;naomi;
18wheelro;naomi;18wheelr
18wheelrt;naomi;18wheelr
18wheels;naomi;18wheelr
18wheelu;naomi;18wheelr
19yy;neogeo;
19yyo;neogeo;19yy
1on1gov;coh1002m;
2020bb;neogeo;
2020bba;neogeo;2020bb
2020bbh;neogeo;2020bb
3countb;neogeo;
3countba;neogeo;3countb
4play;neogeo;
8ball1;cvs;8ball
8ball;cvs;
acrobatm;nmk004;
aerofgts;coh1002v;
aerofgtst;coh1002v;aerofgts
airtrix;hikaru;
airtrixo;hikaru;airtrix
alienfnt;naomi;
alienfnta;naomi;alienfnt
alpham2;neogeo;
alpham2p;neogeo;alpham2
alpilot;airlbios;
alpilota;naomi;alpiltdx
alpilotj;naomi;
alpiltdx;airlbios;
androdun;neogeo;
animalc;sammymdl;
animechmp;sys573;
anmlbskt;awbios;
anmlbskta;awbios;anmlbskt
aodk;neogeo;
aof2;neogeo;
aof2a;neogeo;aof2
aof2bh;neogeo;aof2
aof3;neogeo;
aof3bh;neogeo;aof3
aof3k;neogeo;aof3
aof;neogeo;
aplatoon;alg_bios;
ar_airh2;ar_bios;ar_airh
ar_airh;ar_bios;
ar_argh;ar_bios;
ar_blast;ar_bios;
ar_bowl;ar_bios;
ar_dart2;ar_bios;ar_dart
ar_dart;ar_bios;
ar_dlta;ar_bios;
ar_fast;ar_bios;
ar_fasta;ar_bios;ar_fast
ar_ldrb;ar_bios;
ar_ldrba;ar_bios;ar_ldrb
ar_ldrbb;ar_bios;ar_ldrb
ar_ninj2;ar_bios;ar_ninj
ar_ninj;ar_bios;
ar_pm;ar_bios;
ar_rdwr;ar_bios;
ar_sdwr2;ar_bios;ar_sdwr
ar_sdwr;ar_bios;
ar_socc;ar_bios;
ar_sprg;ar_bios;
ar_xeon;ar_bios;
asndynmt;naomi;
asndynmto;naomi;asndynmt
astrass;stvbios;
ausfache;naomi;
avalnc12;triforce;avalnc13
avalnc13;triforce;
avalnc25;triforce;
avalnc25a;triforce;avalnc25
avalns12;triforce;avalns13
avalns13;triforce;
avalns25;triforce;
avalns25a;triforce;avalns25
avalon13;triforce;
avalon20;triforce;
avalonc;triforce;
avalonca;triforce;avalonc
avaloncc;triforce;avalonc
avalonce;triforce;avalonc
avaloncf;triforce;avalonc
avalons;triforce;
avalonsa;triforce;avalons
avalonsc;triforce;avalons
avalonse;triforce;avalons
avalonsf;triforce;avalons
azumanga;naomigd;
b2b;neogeo;
badapple;neogeo;
bakatono;neogeo;
bakubaku;stvbios;
bam2;coh1002e;
bangbead;neogeo;
bangbedp;neogeo;bangbead
bassang2;sys573;fbait2bc
bassangl;sys573;fbaitbc
basschal;awbios;
basschalo;awbios;basschal
batlgear;taitotz;
batlgr2;taitotz;
batlgr2a;taitotz;batlgr2
batmanfr;stvbios;
bbh2sp;iteagle;
bbh2spa;iteagle;bbh2sp
bbh2spb;iteagle;bbh2sp
bbh;iteagle;
bbhcotw;iteagle;
bbhsc;iteagle;
bbhsca;iteagle;bbhsc
bbust2;hng64;
bdrdown;naomigd;
beachspi;naomi2;
beast;neogeo;
beastrzb;psarc95;
beastrzb;taitofx1;
beastrzr;coh1002e;
beastrzr;psarc95;
beastrzra;coh1002e;beastrzr
beastrzrb;coh1002e;beastrzr
bioship;nmk004;
bjourney;neogeo;
bjourneyh;neogeo;bjourney
bkrtmaq;namcoc69;
blazstar;neogeo;
blazstarcm;neogeo;blazstar
bldyr3b;sys246;
bldyroar;coh1002e;beastrzr
bldyror2;coh1002e;
bldyror2a;coh1002e;bldyror2
bldyror2j;coh1002e;bldyror2
bldyror2u;coh1002e;bldyror2
blkheart;nmk004;
blkheartj;nmk004;blkheart
blokpong;awbios;
bmiidx3;gq863;
bmiidx4;gq863;
bmiidx6;gq863;
bmiidx7;gq863;
bmiidx8;gq863;
bmiidx;gq863;
bmiidxc2;gq863;
bmiidxc;gq863;
bmiidxca;gq863;bmiidxc
bonzeadv;cchip;
bonzeadvo;cchip;bonzeadv
bonzeadvp;cchip;bonzeadv
bonzeadvu;cchip;bonzeadv
boxingm;kviper;
braveff;hikaru;
breakers;neogeo;
breakrev;neogeo;
breakrev;neogeo;breakers
breakrevbh;neogeo;breakrev
brickppl;segasp;
brkrevext;neogeo;breakrev
brvblade;coh1002m;
brvblade;psarc95;
brvbladea;coh1002m;brvblade
brvbladej;coh1002m;brvblade
brvbladeu;coh1002m;brvblade
bstars2;neogeo;
bstars;neogeo;
bstarsh;neogeo;bstars
btchamp;konamigv;
buriki;hng64;
burningf;neogeo;
burningfh;neogeo;burningf
burningfp;neogeo;burningf
burningfpa;neogeo;burningf
burningfpb;neogeo;burningf
burningh;neogeo;burningf
cabalng;neogeo;
cadanglr;decocass;
cakefght;neogeo;twinspri
capsnk;naomi;
capsnka;naomi;capsnk
capsnkb;naomi;capsnk
carnking;iteagle;
castfant;decocass;
cbaj;coh1002m;
cbdash;decocass;
cbnj;decocass;cburnrub
cbtime;decocass;
cburnrb2;decocass;cburnrub
cburnrub2;decocass;cburnrub
cburnrub;decocass;
cburnrubj;decocass;cburnrub
cdiscon1;decocass;
cdsteljn;decocass;
cexplore;decocass;
cfboy0a1;decocass;
cfghtice;decocass;
cfield;naomigd;
cfishing;decocass;cadanglr
cflyball;decocass;
cgangpzl;namcoc69;
cgangpzlj;namcoc69;cgangpzl
cgraplop2;decocass;cgraplop
cgraplop;decocass;
cgraplopj;decocass;cgraplop
cgraplp2;decocass;cgraplop
chamburger;decocass;cbtime
chaoshea;coh3002t;
chaosheaj;coh3002t;chaoshea
chocomk;naomigd;
choroqhr;stvbios;
chwy;decocass;
clapapa2;decocass;clapapa
clapapa;decocass;
claychal;awbios;
cleoftp;naomigd;
clocknch;decocass;
clocknchj;decocass;clocknch
clubk2k3;naomi2;
clubk2kp;naomi2;clubk2k3
clubk2kpa;naomi2;clubk2k3
clubkcyc;naomi2;
clubkcyco;naomi2;clubkcyc
clubkprz;naomi2;
clubkpzb;naomi2;
clubkpzbp;naomi2;clubkpzb
clubkrt;naomi2;
clubkrta;naomi2;clubkrt
clubkrtc;naomi2;clubkrt
clubkrte;naomi2;
clubkrto;naomi2;clubkrt
cluckypo;decocass;
cmanhat;decocass;
cmissnx;decocass;
cnbe2018;neogeo;cnbe
cnbe;neogeo;
cndi;neogeo;
cndypuzl;cubo;
cnights2;decocass;cnightst
cnightst2;decocass;cnightst
cnightst;decocass;
cobrata;sys246;
cocean1a;decocass;
cocean6b;decocass;cocean1a
code1d;kviper;
code1da;kviper;code1d
code1db;kviper;code1d
colmns97;stvbios;
columnsn;neogeo;
confmiss;naomigd;
coozumou;decocass;
cosmos;cvs;
cotton2;stvbios;
cottonbm;stvbios;
cphd;neogeo;
cppicf2;decocass;cppicf
cppicf;decocass;
cprobowl;decocass;
cprogolf18;decocass;cprogolf
cprogolf;decocass;
cprogolfj;decocass;cprogolf
cprosocc;decocass;
cpsoccer;decocass;
cpsoccerj;decocass;cpsoccer
cptennis;decocass;
cptennisj;decocass;cptennis
crackndj;naomi;
crimep211;alg_bios;crimep2
crimep2;alg_bios;
crimep2_11;alg_bios;crimep2
crimepat;alg_bios;
crimepat_10;alg_bios;crimepat
crimepat_12;alg_bios;crimepat
crimepat_14;alg_bios;crimepat
critcrsh;stvbios;
crswd2bl;neogeo;
crsword;neogeo;
crtaxihr;chihiro;
crysking;crysbios;
crzcross;konamigx;
crzytaxi;naomi;
cscrtry2;decocass;cscrtry
cscrtry;decocass;
csdtenis;decocass;
cskater;decocass;
csmash;naomi;
csmasho;naomi;csmash
cspike;naomi;
csuperas;decocass;
csweetht;decocass;cdiscon1
ct2k3sa;neogeo;kof2001
ct2k3sp;neogeo;kof2001
cterrani;decocass;
cthd2003;neogeo;kof2001
cthd2k3a;neogeo;kof2001
ctisland2;decocass;ctisland
ctisland3;decocass;ctisland
ctisland;decocass;
ctislnd2;decocass;ctisland
ctislnd3;decocass;ctisland
ctomaday;neogeo;
ctornado;decocass;
ctower;decocass;
ctsttape;decocass;
cultname;macsbios;
cvs2;naomigd;
cvs2gd;naomigd;
cvs2mf;naomigd;cvs2
cvsgd;naomigd;
cyberlip;neogeo;
cyvern;skns;
cyvernj;skns;cyvern
czeroize;decocass;
daiskiss;konamigx;
danchih;stvbios;
darkhleg;sys573;
darkwar;cvs;
dazzler;cvs;
ddp2100;pgm;ddp2
ddp2100c;pgm;ddp2
ddp2100hk;pgm;ddp2
ddp2100j;pgm;ddp2
ddp2100k;pgm;ddp2
ddp2100t;pgm;ddp2
ddp2101;pgm;ddp2
ddp2101c;pgm;ddp2
ddp2101hk;pgm;ddp2
ddp2101j;pgm;ddp2
ddp2101k;pgm;ddp2
ddp2101t;pgm;ddp2
ddp2;pgm;
ddp2c;pgm;ddp2
ddp2hk;pgm;ddp2
ddp2j;pgm;ddp2
ddp2k;pgm;ddp2
ddp2t;pgm;ddp2
ddr2m;sys573;ddr2ml
ddr2mc2;sys573;ddr2m
ddr2mc;sys573;ddr2m
ddr2ml;sys573;ddr2m
ddr3ma;sys573;ddr3mk
ddr3mj;sys573;ddr3mk
ddr3mk;sys573;
ddr3mka;sys573;ddr3mk
ddr3mp;sys573;
ddr4m;sys573;
ddr4mj;sys573;ddr4m
ddr4mp;sys573;
ddr4mps;sys573;ddr4mp
ddr4ms;sys573;ddr4m
ddr4msj;sys573;ddr4ms
ddr5m;sys573;
ddra;sys573;dstage
ddrbocd;sys573;ddr2m
ddrextrm;sys573;
ddrj;sys573;dstage
ddrja;sys573;dstage
ddrjb;sys573;dstage
ddrmax2;sys573;
ddrmax;sys573;
ddrs2k;sys573;
ddrs2kj;sys573;ddrs2k
ddrsbm;sys573;
ddru;sys573;dstage
ddrusa;sys573;
deathcox;naomi;
deathcoxj;naomi;deathcox
deathcoxo;naomi;deathcox
decathlt;stvbios;
decathlto;stvbios;decathlt
decomult;decocass;
demofist;awbios;
dendego3;taitotz;
derbyo2k;naomi;
derbyoc2;naomi;
derbyoc;naomi;
derbyocw;naomi;
diehard;stvbios;
diggerc;cvs;
diggerma;neogeo;
dinoki25;segasp;
dinoki4;segasp;
dinokich;segasp;dinoki25
dinoking;segasp;
dinokior;segasp;
dirtypig;awbios;
dmnfrnt102;pgm;dmnfrnt
dmnfrnt103;pgm;dmnfrnt
dmnfrnt;pgm;
dmnfrnta;pgm;dmnfrnt
dmnfrntpcb;pgm;dmnfrnt
dmnfrntpcba;pgm;dmnfrnt
dmx2m;sys573;
dmx2majp;sys573;
dmx;sys573;dncfrks
dncfrks;sys573;
dnmtdeka;stvbios;diehard
doa2;naomi;doa2m
doa2a;naomi;doa2m
doa2m;naomi;
doa2m;naomi;doa2
doapp;coh1002m;
doapp;tps;
doappk;coh1002m;doapp
dolphin;awbios;
domino;midssio;
doncdoon;aleck64;
donghaer;crysbios;
dotron;midssio;
dotrona;midssio;dotron
dotrone;midssio;dotron
doubledr;neogeo;
doubledrbh;neogeo;doubledr
doubledrsp;neogeo;doubledr
dragchrn;sys246;
dragonsh;neogeo;
dragoona;konamigx;
dragoonj;konamigx;
dragoonj;konamigx;dragoona
dragwld2;pgm;
drbyocwa;naomi;derbyocw
drbyocwb;naomi;derbyocw
drbyocwc;naomi;derbyocw
drbyocwt;naomi;derbyocw
drgw2100c;pgm;drgw2
drgw2100hk;pgm;drgw2
drgw2100j;pgm;drgw2
drgw2100x;pgm;drgw2
drgw2101c;pgm;drgw2
drgw2101j;pgm;drgw2
drgw2;pgm;
drgw2c;pgm;drgw2
drgw2j;pgm;drgw2
drgw3100;pgm;drgw3
drgw3103;pgm;drgw3
drgw3105;pgm;drgw3
drgw3;pgm;
drmn2m;sys573;
drmn2mpu;sys573;drmn2m
drmn3m;sys573;pcnfrk3m
drmn;sys573;
dsem2;sys573;
dsem;sys573;
dsfdct;sys573;
dsfdcta;sys573;dsfdct
dsfdr;sys573;
dsftkd;sys573;
dstage;sys573;
ducki;neogeo;
dw2001;pgm;
dwex101cn;pgm;dwex
dwex;pgm;
dwi;neogeo;
dwia;neogeo;dwi
dwpc101j;pgm;dwpc
dwpc;pgm;
dybb99;naomi;
dybbnao;naomi;
dygolf;naomigd;
dygolfp;naomigd;dygolf
eightman;neogeo;
ejihon;stvbios;
elandore;stvbios;
emeralda;namcoc70;
emeraldah;namcoc70;emeralda
emeraldaj;namcoc70;emeralda
emeraldaja;namcoc70;emeralda
evosocc;crysbios;
exvania;namcoc69;
exvaniaj;namcoc69;exvania
f355;f355dlx;
f355p;f355dlx;f355
f355twin;f355bios;
f355twinp;f355bios;f355twin
f355twn2;f355bios;
fa;namcoc69;fghtatck
fantjour;konamigx;
fantjour;konamigx;gokuparo
fantjoura;konamigx;fantjour
fastdraw;alg_bios;
fastdraw_130;alg_bios;fastdraw
fateulc;sys246;
fateulcb;sys246;fateulc
fatfursa;neogeo;fatfursp
fatfursp;neogeo;
fatfurspa;neogeo;fatfursp
fatfurspbs;neogeo;fatfursp
fatfurwa;hng64;
fatfury1;neogeo;
fatfury1bh;neogeo;fatfury1
fatfury2;neogeo;
fatfury2a;neogeo;fatfury2
fatfury3;neogeo;
fatfury3a;neogeo;fatfury3
fatfury3bh;neogeo;fatfury3
fbait2bc;sys573;
fbaitbc;sys573;
fbaitmc;sys573;
fbaitmca;sys573;fbaitmc
fbaitmcj;sys573;fbaitmc
fbaitmcu;sys573;fbaitmc
fbfrenzy;neogeo;
ffreveng;stvbios;
ffrevng10;stvbios;ffreveng
fghtatck;namcoc69;
fghtjam;sys246;
fghtmn;sys573;
fghtmna;sys573;fghtmn
fghtmnk;sys573;fghtmn
fghtmnu;sys573;fghtmn
fhboxers;stvbios;
fightfev;neogeo;
fightfeva;neogeo;fightfev
fightfva;neogeo;fightfev
findlove;stvbios;
finlarch;stvbios;sleague
finlarch;stvbios;smleague
flamegun;coh1002m;
flamegunj;coh1002m;flamegun
flipmaze;coh3002t;
flipshot;neogeo;
fotns;awbios;
froman2b;neogeo;
fswords;neogeo;samsho3
ftimpact;coh1000t;ftimpcta
ftimpactj;coh1000t;ftimpcta
ftimpactu;coh1000t;ftimpcta
ftimpcta;coh1000t;
ftimpcta;coh1000t;ftimpact
ftimpcta;taitofx1;
ftspeed;awbios;
fzeroax;triforce;
fzeroaxc;triforce;fzeroax
fzeroaxd;triforce;fzeroax
fzeroaxm;triforce;
galaxyfg;neogeo;
galgame2;galgbios;
galgame3;galgbios;
galgame4;galgbios;
gallgall;alg_bios;
gallgall_21;alg_bios;gallgall
galpandx;skns;
galpani4;skns;
galpani4j;skns;galpani4
galpani4k;skns;galpani4
galpanidx;skns;galpani4
galpaniex;skns;galpani4
galpanis;skns;
galpanisa;skns;galpanis
galpanise;skns;galpanis
galpanisj;skns;galpanis
galpanisk;skns;galpanis
galpaniska;skns;galpanis
galpans2;skns;
galpans2a;skns;galpans2
galpans2j;skns;galpans2
galpans3;skns;
galpansu;skns;galpans2
ganryu;neogeo;
garou;neogeo;
garoub;neogeo;garou
garoubl;neogeo;garou
garouh;neogeo;garou
garouha;neogeo;garou
garouo;neogeo;garou
garoup;neogeo;garou
gaxeduel;stvbios;
gbbchmp;sys573;
gchgchmp;sys573;
gdarius2;coh1000t;
gdarius2;coh1000t;gdarius
gdarius2;taitofx1;gdarius
gdarius;coh1000t;gdarius2
gdarius;taitofx1;
gdariusb;coh1000t;gdarius2
gdariusj;coh1000t;gdarius2
gdariusu;coh1000t;gdarius2
gdvsgd;sys256;
gdvsgdnx;sys256;
gekpurya;triforce;
gekpuryb;triforce;gekpurya
ggisuka;awbios;
ggram2;naomi;
ggreats2;konamigx;opengolf
ggx15;awbios;
ggx;naomi;
ggxx;naomigd;
ggxxac;naomigd;
ggxxrl;naomigd;
ggxxrlo;naomigd;ggxxrl
ggxxsla;naomigd;
ghostbi;neogeo;
ghostlop;neogeo;
ghostsqo;chihiro;ghostsqu
ghostsqu;chihiro;
glprac2j;tps;glpracr2
glprac2l;tps;glpracr2
glpracr2;coh1002m;
glpracr2;tps;
glpracr2j;coh1002m;glpracr2
glpracr2l;coh1002m;glpracr2
glpracr3;coh1002m;
glpracr3j;coh1002m;glpracr3
glpracr;coh1000c;
glpracr;cpzn1;
glpracrj;coh1000c;glpracr
goalx3;neogeo;
gobyrc;coh3002t;
gokuparo;konamigx;
gokuparo;konamigx;fantjour
goldbug;cvs;
gowcaizr;neogeo;
gpilots;neogeo;
gpilotsh;neogeo;gpilots
gpilotsp;neogeo;gpilots
gradiusb;bubsys;
gram2000;naomi;
grdforce;stvbios;
groovef;stvbios;
gslgr94j;namcoc75;gslgr94u
gslgr94u;namcoc75;
gslugrsj;namcoc75;
gtfore01;iteagle;
gtfore02;iteagle;
gtfore03;iteagle;
gtfore03a;iteagle;gtfore03
gtfore04;iteagle;
gtfore04a;iteagle;gtfore04
gtfore05;iteagle;
gtfore05a;iteagle;gtfore05
gtfore05b;iteagle;gtfore05
gtfore05c;iteagle;gtfore05
gtfore06;iteagle;
gtfrk11m;sys573;
gtfrk3ma;sys573;gtrfrk3m
gtfrk3mb;sys573;gtrfrk3m
gticlub2;kviper;
gticlub2ea;kviper;gticlub2
gtrfrk2m;sys573;
gtrfrk3m;sys573;
gtrfrk4m;sys573;
gtrfrk5m;sys573;
gtrfrk6m;sys573;
gtrfrk7m;sys573;
gtrfrks;sys573;
gtrfrksa;sys573;gtrfrks
gtrfrksj;sys573;gtrfrks
gtrfrksu;sys573;gtrfrks
gunbuletj;namcoc75;ptblank
gunbuletw;namcoc75;ptblank
gundamos;chihiro;
gundmct;naomi;
gundmgd;naomigd;
gundmxgd;naomigd;
gundzaft;sys246;
gunmania;sys573;
gunnail;nmk004;
gunnailp;nmk004;gunnail
gunsur2;naomi;
gunsur2j;naomi;gunsur2
gururin;neogeo;
gutsn;skns;
gwing2;naomi;
hachamf;nmk004;
hachamfa;nmk004;hachamf
hachamfb;nmk004;hachamf
hachamfp;nmk004;hachamf
hanagumi;stvbios;
happy6100cn;pgm;happy6
happy6100hk;pgm;happy6
happy6101;pgm;happy6
happy6;pgm;
haremchl;cubo;
hatris;ym2608;
hatrisj;ym2608;hatris
heartatk;cvs;
herbiedk;cvs;huncholy
hero;cvs;
herodk;cvs;hero
herodku;cvs;hero
hmgeo;naomi;
hndlchmp;sys573;strgchmp
hndlchmpj;sys573;strgchmp
hotd2;hod2bios;
hotd2e;hod2bios;hotd2
hotd2o;hod2bios;hotd2
hotd2p;hod2bios;hotd2
hotd3;chihiro;
hunchbak;cvs;
hunchbkd;cvs;hunchbak
hunchbks;cvs;hunchbak
huncholy;cvs;
hvnsgate;coh1001l;
hypbbc2p;sys573;
hypbbc2pk;sys573;hypbbc2p
hyperath;konamigv;
hyperbbc;sys573;
hyperbbca;sys573;hyperbbc
hyperbbck;sys573;hyperbbc
hypernoid;neogeo;
ikaruga;naomigd;
illvelo;naomi;
indytemp2;atarisy1;indytemp
indytemp3;atarisy1;indytemp
indytemp4;atarisy1;indytemp
indytemp;atarisy1;
indytempc;atarisy1;indytemp
indytempd;atarisy1;indytemp
inidv3ca;naomi2;inidv3cy
inidv3cy;naomi2;
initd;naomi2;
initdexp;naomi2;
initdexpo;naomi2;initdexp
initdo;naomi2;initd
initdv2e;naomi2;initdv2j
initdv2j;naomi2;
initdv2ja;naomi2;initdv2j
initdv2jo;naomi2;initdv2j
initdv3e;naomi2;
initdv3j;naomi2;
initdv3jb;naomi2;initdv3j
introdon;stvbios;
inunoos;naomi;
ironclad;neogeo;
ironclado;neogeo;ironclad
irrmaze;neogeo;
jambo;naomi;
janshin;neogeo;
jdredd;acpsx;
jdredd;coh1000a;
jdreddb;acpsx;jdredd
jdreddb;coh1000a;jdredd
jgakuen1;coh3002c;rvschool
jgakuen;coh3002c;rvschool
jgakuen;cpzn1;rvschool
jigkmgri;cchip;bonzeadv
jigkmgria;cchip;bonzeadv
jingystm;naomigd;
jjparad2;skns;
jjparads;skns;
jockeygp;neogeo;
jockeygpa;neogeo;jockeygp
journey;midssio;
joyjoy;neogeo;
jpark3;kviper;
jpark3u;kviper;jpark3
jppyex98;sys573;
jumping;cchip;rbisland
jumpinga;cchip;rbisland
jumpingi;cchip;rbisland
kabukikl;neogeo;
kabukiklb;neogeo;kabukikl
karnovr;neogeo;
karous;naomigd;
kdeadeye;konamigv;
kf10thep;neogeo;kof2002
kf2k1pa;neogeo;kof2001
kf2k1pls;neogeo;kof2001
kf2k23rd;neogeo;kof2002
kf2k2mp2;neogeo;kof2002
kf2k2mp;neogeo;kof2002
kf2k2pla;neogeo;kof2002
kf2k2plb;neogeo;kof2002
kf2k2plc;neogeo;kof2002
kf2k2pls;neogeo;kof2002
kf2k2ps2;neogeo;kof2002
kf2k2ps2re;neogeo;kof2002
kf2k2ru35;neogeo;kof2002
kf2k3bl;neogeo;kof2003
kf2k3bla;neogeo;kof2003
kf2k3pl;neogeo;kof2003
kf2k3ps2;neogeo;kof2003
kf2k3ps2sp;neogeo;kof2003
kf2k3upl;neogeo;kof2003
kf2k4pls;neogeo;kof2002
kf2k5uni;neogeo;kof2002
kick4csh;naomi;
kick;midssio;
kickc;midssio;kick
kickman;midssio;kick
kicknkick;sys573;
kikaioh;coh3002c;techromn
kikaioh;cpzn2;techromn
killbld100;pgm;killbld
killbld104;pgm;killbld
killbld106;pgm;killbld
killbld109;pgm;killbld
killbld;pgm;
killbldp;pgm;
kingrt66;naomi2;
kingrt66p;naomi2;kingrt66
kingyo;segasp;
kingyoch;segasp;kingyo
kinniku2;sys256;
kinniku;sys256;
kiwames;stvbios;
kizuna4p;neogeo;kizuna
kizuna;neogeo;
knckhead;namcoc70;
knckheadj;namcoc70;knckhead
knckheadjp;namcoc70;knckhead
kof10th;neogeo;kof2002
kof10thd;neogeo;kof2002
kof10thuo;neogeo;kof2002
kof2000;neogeo;
kof2000bc;neogeo;kof2000
kof2000n;neogeo;kof2000
kof2000otc;neogeo;kof2000
kof2000pls;neogeo;kof2000
kof2000ps2;neogeo;kof2000
kof2000sp;neogeo;kof2000
kof2001;neogeo;
kof2001h;neogeo;kof2001
kof2001pkz;neogeo;kof2001
kof2001ru;neogeo;kof2001
kof2001ult;neogeo;kof2001
kof2002;neogeo;
kof2002b;neogeo;kof2002
kof2002ps2;neogeo;kof2002
kof2003;neogeo;
kof2003d;neogeo;kof2003
kof2003h;neogeo;kof2003
kof2k1rp;neogeo;kof2001
kof2k2omg8;neogeo;kof2002
kof2k2omg9;neogeo;kof2002
kof2k2omg9b;neogeo;kof2002
kof2k2omg;neogeo;kof2002
kof2k2plus;neogeo;kof2002
kof2k4se;neogeo;kof2002
kof2kxxx;neogeo;kof2000
kof94;neogeo;
kof94br;neogeo;kof94
kof94rz;neogeo;kof94
kof95;neogeo;
kof95a;neogeo;kof95
kof95b;neogeo;kof95
kof95h;neogeo;kof95
kof95sp;neogeo;kof95
kof96;neogeo;
kof96a;neogeo;kof96
kof96ae20;neogeo;kof96
kof96ae;neogeo;kof96
kof96cn;neogeo;kof96
kof96ep;neogeo;kof96
kof96h;neogeo;kof96
kof96rp08sp;neogeo;kof96
kof96rss;neogeo;kof96
kof97;neogeo;
kof97a;neogeo;kof97
kof97ae;neogeo;kof97
kof97aef;neogeo;kof97
kof97cbt;neogeo;kof97
kof97cn;neogeo;kof97
kof97evn;neogeo;kof97
kof97h;neogeo;kof97
kof97ip;neogeo;kof97
kof97k;neogeo;kof97
kof97oro;neogeo;kof97
kof97pla;neogeo;kof97
kof97pls;neogeo;kof97
kof97pm;neogeo;kof97
kof97ps;neogeo;kof97
kof97rc;neogeo;kof97
kof97sp;neogeo;kof97
kof97t;neogeo;kof97
kof97tp;neogeo;kof97
kof97xt;neogeo;kof97
kof98;neogeo;
kof98a;neogeo;kof98
kof98ae2016;neogeo;kof98
kof98ae;neogeo;kof98
kof98bc2k2;neogeo;kof98
kof98bc2nd;neogeo;kof98
kof98cb;neogeo;kof98
kof98cp;neogeo;kof98
kof98eckg;neogeo;kof98
kof98ecky;neogeo;kof98
kof98h;neogeo;kof98
kof98k;neogeo;kof98
kof98ka;neogeo;kof98
kof98mix;neogeo;kof98
kof98n;neogeo;kof98
kof98pfe;neogeo;kof98
kof98ratio;neogeo;kof98
kof98ult;neogeo;kof98
kof99;neogeo;
kof99a;neogeo;kof99
kof99ae;neogeo;kof99
kof99e;neogeo;kof99
kof99eur2;neogeo;kof99
kof99eur;neogeo;kof99
kof99h;neogeo;kof99
kof99jh;neogeo;kof99
kof99k;neogeo;kof99
kof99ka;neogeo;kof99
kof99n;neogeo;kof99
kof99p;neogeo;kof99
kof99rp;neogeo;kof99
kof99sk;neogeo;kof99
kof99sr;neogeo;kof99
kofnw;awbios;
kofnwj;awbios;kofnw
kofxi;awbios;
kog;neogeo;kof97
kogplus;neogeo;kof97
kollon;coh3002t;
kollonc;coh3002t;kollon
konam80a;sys573;konam80s
konam80j;sys573;konam80s
konam80k;sys573;konam80s
konam80s;sys573;
konam80u;sys573;konam80s
kotm2;neogeo;
kotm2a;neogeo;kotm2
kotm2p;neogeo;kotm2
kotm;neogeo;
kotmh;neogeo;kotm
kov100;pgm;kov
kov111;pgm;kov
kov114;pgm;kov
kov115;pgm;kov
kov2100;pgm;kov2
kov2101;pgm;kov2
kov21022;pgm;kov2
kov2102;pgm;kov2
kov2103;pgm;kov2
kov2104;pgm;kov2
kov2106;pgm;kov2
kov2;pgm;
kov2dzxx;pgm;kov2
kov2p200;pgm;kov2p
kov2p202;pgm;kov2p
kov2p203;pgm;kov2p
kov2p204;pgm;kov2p
kov2p;pgm;
kov2p;pgm;kov2
kov2pemp;pgm;kov2p
kov2pfwll;pgm;kov2p
kov2pshpd;pgm;kov2p
kov7sprt;awbios;
kov;pgm;
kovassg;pgm;kovshp
kovassge;pgm;kovshp
kovassgn;pgm;kovshp
kovlsjb;pgm;kovshp
kovlsjba;pgm;kovshp
kovlsqh2;pgm;kovshp
kovlsqh;pgm;kovshp
kovlsqho;pgm;kovshp
kovlsyx;pgm;kovshp
kovlsyxqszl;pgm;kovshp
kovlsyxqxzl;pgm;kovshp
kovlsyxqxzlp;pgm;kovshp
kovplus12dw;pgm;kovplus
kovplus20tx;pgm;kovplus
kovplus;pgm;
kovplus;pgm;kov
kovplusa;pgm;kovplus
kovplusq;pgm;kovplus
kovqhsgs;pgm;kovsh
kovqhsgsa;pgm;kovsh
kovqhsgsd;pgm;kovsh
kovsgqyz;pgm;kovplus
kovsgqyza;pgm;kovplus
kovsgqyzb;pgm;kovplus
kovsgqyzc;pgm;kovplus
kovsgqyzd;pgm;kovplus
kovsh100;pgm;kovsh
kovsh101;pgm;kovsh
kovsh102;pgm;kovsh
kovsh103;pgm;kovsh
kovsh;pgm;
kovsh;pgm;kov
kovshb;pgm;kovsh
kovshp100;pgm;kovshp
kovshp101;pgm;kovshp
kovshp;pgm;
kovshp;pgm;kov
kovshpd3dw;pgm;kovshp
kovshpqszl;pgm;kovshp
kovshpqszltw;pgm;kovshp
kovshpzqhl;pgm;kovshp
kovshxas;pgm;kovshp
kovytzy;pgm;
kovytzyce;pgm;kovshp
kovytzyws;pgm;kovshp
kroozr;midssio;
kurucham;naomigd;
kurufev;aleck64;
lacrazyc;konamigv;
landhigh;taitotz;
landhigha;taitotz;landhigh
lans2004;neogeo;shocktr2
lasstixx;cubo;
lastbh;alg_bios;
lastbh_006;alg_bios;lastbh
lastblad;neogeo;
lastblada;neogeo;lastblad
lastbladh;neogeo;lastblad
lastbladsp;neogeo;lastblad
lastbld2;neogeo;
lastbld2eh;neogeo;lastbld2
lastbld2te;neogeo;lastbld2
lastblda;neogeo;lastblad
lasthope;neogeo;
lastsold;neogeo;lastblad
lb2b;neogeo;lastbld2
lbowling;neogeo;
le2;konamigx;
le2j;konamigx;le2
le2u;konamigx;le2
legendos;neogeo;
lhcdb;neogeo;
logger;cvs;
looptris;neogeo;
lpadv;coh1002m;
lresort;neogeo;
lresortp;neogeo;lresort
ltorb;neogeo;
lupinsho;naomigd;
lupinshoo;naomigd;lupinsho
luptype;naomigd;
machbrkr;namcoc75;
machbrkrj;namcoc75;machbrkr
macross;nmk004;
maddog21;alg_bios;maddog2
maddog22;alg_bios;
maddog2;alg_bios;
maddog2_100;alg_bios;maddog2
maddog2_110;alg_bios;maddog2
maddog2_202;alg_bios;maddog2
maddog;alg_bios;
maddog_202;alg_bios;maddog
maddoga;alg_bios;maddog
mag_burn;cedmag;
mag_day;cedmag;
mag_drac;cedmag;
mag_exzi;cedmag;
mag_pdak;cedmag;
mag_time;cedmag;
mag_war;cedmag;
mag_wara;cedmag;mag_war
mag_xain;cedmag;
magdrop2;neogeo;
magdrop3;neogeo;
magdrop3bh;neogeo;magdrop3
magdrop3te;neogeo;magdrop3
maglord;neogeo;
maglordh;neogeo;maglord
mahretsu;neogeo;
maldaiza;crysbios;
mamonoro;naomi;
manicpnc;naomi;
marble2;atarisy1;marble
marble3;atarisy1;marble
marble4;atarisy1;marble
marble5;atarisy1;marble
marble;atarisy1;
marmatcp;pgm;martmast
marmatsc;pgm;martmast
martmast102c;pgm;martmast
martmast103c;pgm;martmast
martmast104c;pgm;martmast
martmast;pgm;
martmastc102;pgm;martmast
martmastc;pgm;martmast
martmasttw;pgm;martmast
maruchan;stvbios;
marukodq;neogeo;
marvice100hz;alg_bios;
marvice;alg_bios;
matrim;neogeo;
matrimbh;neogeo;matrim
matrimbl;neogeo;matrim
mausuke;stvbios;
maxspeed;awbios;
mazan;naomi;
mazanj;naomi;mazan
mazanu;naomi;mazan
mbaa;naomi;
mbaao;naomi;mbaa
md23do;alg3do;
mechatt;ym2608;
mechattj;ym2608;mechatt
mechattu1;ym2608;mechatt
mechattu;ym2608;mechatt
megablst;cchip;
megablstj;cchip;megablst
megablstu;cchip;megablst
meltyb;naomigd;
meltyba;naomigd;meltyb
meltybld;naomigd;
meltyblo;naomigd;meltybld
meltybo;naomigd;meltyb
mf_achas;maxaflex;
mf_bdash;maxaflex;
mf_brist;maxaflex;
mf_flip;maxaflex;
mfjump;coh1002m;
mgcldate;coh1000t;mgcldtex
mgcldate;taitofx1;
mgcldtea;taitofx1;mgcldate
mgcldtex;coh1000t;
micrombc;stvbios;
miexchng;neogeo;
minasan;neogeo;
minnadk;sys246;
mkartag2;triforce;
mkartag2a;triforce;mkartag2
mkartagp;triforce;
mkartagpc;triforce;mkartagp
mocapb;kviper;
mocapbj;kviper;mocapb
mocapglf;kviper;
mok;naomigd;
monkeyba;naomigd;
moshougi;neogeo;
mosyougi;neogeo;
motogp;sys256;
mp_bio;megaplay;
mp_col3;megaplay;
mp_gaxe2;megaplay;
mp_gaxe2a;megaplay;mp_gaxe2
mp_gslam;megaplay;
mp_gunhe;megaplay;
mp_mazin;megaplay;
mp_shnb3;megaplay;
mp_soni2;megaplay;
mp_sonic;megaplay;
mp_sor2;megaplay;
mp_twc;megaplay;
mp_twcup;megaplay;
ms4plus;neogeo;mslug4
ms5plus;neogeo;mslug5
mslug21v2;neogeo;mslug2
mslug2;neogeo;
mslug2ct;neogeo;mslug2
mslug2dd;neogeo;mslug2
mslug2dg;neogeo;mslug2
mslug2eg;neogeo;mslug2
mslug2fm;neogeo;mslug2
mslug2p;neogeo;mslug2
mslug2r;neogeo;mslug2
mslug2t;neogeo;mslug2
mslug2unity;neogeo;mslug2
mslug31v2;neogeo;mslug3
mslug3;neogeo;
mslug3a;neogeo;mslug3
mslug3b6;neogeo;mslug3
mslug3c;neogeo;mslug3
mslug3dd;neogeo;mslug3
mslug3eb;neogeo;mslug3
mslug3g;neogeo;mslug3
mslug3gw;neogeo;mslug3
mslug3h;neogeo;mslug3
mslug3i;neogeo;mslug3
mslug3ki;neogeo;mslug3
mslug3lw;neogeo;mslug3
mslug3n;neogeo;mslug3
mslug3sd;neogeo;mslug3
mslug3se;neogeo;mslug3
mslug3unity;neogeo;mslug3
mslug3v;neogeo;mslug3
mslug3x;neogeo;
mslug3zh;neogeo;mslug3
mslug41v2;neogeo;mslug4
mslug4;neogeo;
mslug4a;neogeo;mslug4
mslug4ammor;neogeo;mslug4
mslug4c;neogeo;mslug4
mslug4dd;neogeo;mslug4
mslug4dg;neogeo;mslug4
mslug4h;neogeo;mslug4
mslug4ki;neogeo;mslug4
mslug4lw;neogeo;mslug4
mslug4lwq;neogeo;mslug4
mslug4q;neogeo;mslug4
mslug4unity;neogeo;mslug4
mslug51v2;neogeo;mslug5
mslug5;neogeo;
mslug5b2;neogeo;mslug5
mslug5b;neogeo;mslug5
mslug5c;neogeo;mslug5
mslug5d;neogeo;mslug5
mslug5dbj;neogeo;mslug5
mslug5dd;neogeo;mslug5
mslug5es;neogeo;mslug5
mslug5ex;neogeo;mslug5
mslug5f;neogeo;mslug5
mslug5h;neogeo;mslug5
mslug5ki;neogeo;mslug5
mslug5mg;neogeo;mslug5
mslug5sg;neogeo;mslug5
mslug5sgf;neogeo;mslug5
mslug5unity;neogeo;mslug5
mslug5w;neogeo;mslug5
mslug5x;neogeo;mslug5
mslug5zh;neogeo;mslug5
mslug6;awbios;
mslug;neogeo;
mslugdg;neogeo;mslug
mslugunity;neogeo;mslug
mslugx1v2;neogeo;mslugx
mslugx2r1v2;neogeo;mslugx
mslugx2r;neogeo;mslugx
mslugx2reb;neogeo;mslugx
mslugx;neogeo;
mslugxc1;neogeo;mslugx
mslugxc2;neogeo;mslugx
mslugxeb;neogeo;mslugx
mslugxlb;neogeo;mslugx
mslugxsc;neogeo;mslugx
mslugxsrf;neogeo;mslugx
mslugxunity;neogeo;mslugx
mt_aftrb;megatech;
mt_arrow;megatech;
mt_astrm;megatech;
mt_astro;megatech;
mt_asyn;megatech;
mt_bbros;megatech;
mt_beast;megatech;
mt_calga;megatech;
mt_cols;megatech;
mt_crack;megatech;
mt_eswat;megatech;
mt_fshrk;megatech;
mt_fwrld;megatech;
mt_fz;megatech;
mt_gaxe2;megatech;
mt_gaxe;megatech;
mt_gfoot;megatech;
mt_ggolf;megatech;
mt_gng;megatech;
mt_gsocr;megatech;
mt_kcham;megatech;
mt_lastb;megatech;
mt_mlh;megatech;
mt_mwalk;megatech;
mt_mystd;megatech;
mt_orun;megatech;
mt_parlg;megatech;
mt_revsh;megatech;
mt_shado;megatech;
mt_shang;megatech;
mt_shar2;megatech;
mt_shnbi;megatech;
mt_smgp;megatech;
mt_soni2;megatech;
mt_sonia;megatech;mt_sonic
mt_sonic;megatech;
mt_spman;megatech;
mt_srage;megatech;
mt_srbb;megatech;
mt_stbld;megatech;
mt_stf;megatech;
mt_tetri;megatech;
mt_tfor2;megatech;
mt_tgolf;megatech;
mt_tlbba;megatech;
mt_tout;megatech;
mt_wcsoc;megatech;
mt_wwar;megatech;
mtetrisc;aleck64;
mtwinbee;konamigx;tbyahhoo
mushi2eo;naomi;mushik2e
mushi2k4;naomi;
mushi2k5;naomi;
mushi2k61;naomi;
mushi2k62;naomi;
mushik2e;naomi;
mushik2k;naomi;mushik2e
mushik4e;naomi;
mushikc;naomi;mushike
mushike;naomi;
mushikeo;naomi;mushike
mushikep;naomi;mushike
mushikk;naomi;mushike
mustang;nmk004;
mustangb2;nmk004;mustang
mustangb;nmk004;mustang
mustangs;nmk004;mustang
mutnat;neogeo;
mvsc2;naomi;
mvsc2u;naomi;mvsc2
myfairld;stvbios;
nagano98;konamigv;
naganoj;konamigv;nagano98
nam1975;neogeo;
nameclub;stvbios;
nbajamex;acpsx;
nbajamex;coh1000a;
nbajamexa;coh1000a;nbajamex
nblktiger;neogeo;
nclubv2;stvbios;
nclubv3;stvbios;
ncombat;neogeo;
ncombath;neogeo;ncombat
ncommand;neogeo;
nebulray;namcoc75;
nebulrayj;namcoc75;nebulray
neo2500;neogeo;
neo3ddmo;neogeo;
neobombe;neogeo;
neocdz;neogeo;
neocstlv;neogeo;
neocup98;neogeo;
neodemo;neogeo;
neodrift;neogeo;
neogalag;neogeo;
neogalaga;neogeo;neogalag
neomrdo;neogeo;
neonopon;neogeo;
neopang;neogeo;
neopong;neogeo;
neoponga;neogeo;neopong
neoprimo;neogeo;
neotet;neogeo;
neothndr;neogeo;
neotris;neogeo;
neoww2;neogeo;
netchu02;sys246;
ngbc;awbios;
ngbcj;awbios;ngbc
ngem2k;neogeo;
ngfrog;neogeo;
ngftdemo;neogeo;
nightrai;coh3002t;
ninjamas;neogeo;
ninjamasha;neogeo;ninjamas
ninjaslt;naomi;
ninjaslta;naomi;ninjaslt
ninjasltj;naomi;ninjaslt
ninjasltu;naomi;ninjaslt
nitd;neogeo;
nitdbl;neogeo;nitd
nsmb;neogeo;
nss_actr;nss;
nss_adam;nss;
nss_aten;nss;
nss_con3;nss;
nss_fzer;nss;
nss_lwep;nss;
nss_ncaa;nss;
nss_rob3;nss;
nss_skin;nss;
nss_smas;nss;
nss_smw;nss;
nss_ssoc;nss;
nss_sten;nss;
numanath;namcoc70;
numanathj;namcoc70;numanath
odeontw2;cubo;
odeontw;cubo;
olds100;pgm;olds
olds100a;pgm;olds
olds103t;pgm;olds
olds;pgm;
oldsdsgl;pgm;olds
oldsmx;pgm;olds
oldsplus203;pgm;oldsplus
oldsplus;pgm;
oldsplusnr211;pgm;oldsplus
oldsplusnr;pgm;oldsplus
oldsplusok;pgm;oldsplus
ollie;chihiro;
opengolf2;konamigx;opengolf
opengolf;konamigx;
opwolf;cchip;
opwolfa;cchip;opwolf
opwolfb;cchip;opwolf
opwolfj;cchip;opwolf
opwolfjsc;cchip;opwolf
opwolfu;cchip;opwolf
orbatak;3dobios;
orlegend105k;pgm;orlegend
orlegend105t;pgm;orlegend
orlegend111c;pgm;orlegend
orlegend111k;pgm;orlegend
orlegend111t;pgm;orlegend
orlegend;pgm;
orlegendc;pgm;orlegend
orlegendca;pgm;orlegend
orlegende;pgm;orlegend
orlegendea;pgm;orlegend
orlegndc;pgm;orlegend
orlegnde;pgm;orlegend
otenamhf;coh3002t;
otenamih;coh3002t;
otenki;coh3002t;
othellos;stvbios;
otrigger;naomi;
outfxies;namcoc75;
outfxiesa;namcoc75;outfxies
outfxiesj;namcoc75;outfxies
outfxiesja;namcoc75;outfxies
outline;cvs;radarzon
outr2;chihiro;
outr2st;chihiro;
outr2stj;chihiro;outr2st
outr2stjo;chihiro;outr2st
outr2sto;chihiro;outr2st
overtop;neogeo;
p9112;kviper;
p911;kviper;
p911ac;kviper;p911
p911e;kviper;p911
p911ea;kviper;p911
p911ed;kviper;p911
p911j;kviper;p911
p911k;kviper;p911
p911kc;kviper;p911
p911uc;kviper;p911
p911ud;kviper;p911
panicbom;neogeo;
panicstr;skns;
pbball96;konamigv;
pblbeach;stvbios;
pbobbl2n;neogeo;
pbobblen;neogeo;
pbobblenb;neogeo;pbobblen
pbobblna;neogeo;pbobblen
pc_1942;playch10;
pc_bball;playch10;
pc_bfght;playch10;
pc_bload;playch10;
pc_bstar;playch10;
pc_cntra;playch10;
pc_cshwk;playch10;
pc_cvnia;playch10;
pc_dbldr;playch10;
pc_ddrgn;playch10;
pc_drmro;playch10;
pc_duckh;playch10;
pc_ebike;playch10;
pc_ftqst;playch10;
pc_gntlt;playch10;
pc_golf;playch10;
pc_goons;playch10;
pc_grdue;playch10;pc_grdus
pc_grdus;playch10;
pc_hgaly;playch10;
pc_kngfu;playch10;
pc_mario;playch10;
pc_miket;playch10;
pc_mman3;playch10;
pc_moglf;playch10;
pc_mtoid;playch10;
pc_ngai2;playch10;
pc_ngai3;playch10;
pc_ngaid;playch10;
pc_pinbt;playch10;
pc_pwbld;playch10;
pc_pwrst;playch10;
pc_radr2;playch10;
pc_radrc;playch10;
pc_rcpam;playch10;
pc_rkats;playch10;
pc_rnatk;playch10;
pc_rrngr;playch10;
pc_rygar;playch10;
pc_sjetm;playch10;
pc_smb2;playch10;
pc_smb3;playch10;
pc_smb;playch10;
pc_suprc;playch10;
pc_tbowl;playch10;
pc_tenis;playch10;
pc_tkfld;playch10;
pc_tmnt2;playch10;
pc_tmnt;playch10;
pc_trjan;playch10;
pc_ttoon;playch10;
pc_vball;playch10;
pc_virus;playch10;pc_drmro
pc_wcup;playch10;
pc_wgnmn;playch10;
pc_ynoid;playch10;
pckobe99;stvbios;
pclb2elk;stvbios;
pclove2;stvbios;
pclove;stvbios;
pclub26w;stvbios;
pclub26wa;stvbios;pclub26w
pclub27s;stvbios;
pclub2;stvbios;
pclub2fc;stvbios;
pclub2kc;stvbios;
pclub2pe;stvbios;
pclub2pf;stvbios;
pclub2v3;stvbios;
pclub2v3;stvbios;pclub2
pclub2wb;stvbios;
pclubol;stvbios;
pclubor;stvbios;
pclubpok;stvbios;
pclubyo2;stvbios;
pcnfrk3m;sys573;
pcpooh2;stvbios;
pcpooh3;stvbios;
pesta;kpython;
peterpak;atarisy1;
pgemeni;pgm;
pgm3in1;pgm;
pgm3in1c100;pgm;pgm3in1
pgmdemo;pgm;
pgmfrog;pgm;
pgoal;neogeo;
pharrier;hikaru;
photoy2k102;pgm;photoy2k
photoy2k102j;pgm;photoy2k
photoy2k103j;pgm;photoy2k
photoy2k104;pgm;photoy2k
photoy2k;pgm;
pjustic;naomi;
pjustica;naomi;pjustic
plsmaswd;coh3002c;
plsmaswda;coh3002c;plsmaswd
pnchmn2;sys573;
pnchmn;sys573;fghtmn
pnchmna;sys573;fghtmn
pnyaa;neogeo;
pnyaaa;neogeo;pnyaa
podrace;hikaru;
pokasuka;naomi;manicpnc
poknight;neogeo;
popbounc;neogeo;
popn9;kviper;
powyak96;konamigv;
powyakex;sys573;
ppp2nd;kviper;
prc28su;stvbios;
prc297wi;stvbios;
prc297wia;stvbios;prc297wi
prc298au;stvbios;
prc298sp;stvbios;
prc298su;stvbios;
prc29au;stvbios;
prc2ksu;stvbios;
prdgp03;sys246;
preisle2;neogeo;
prikura;stvbios;
primrag2;coh1000w;
primrag2;coh1000w;primrage
proneon;neogeo;
pspikes2;neogeo;
pss61;sfcbox;
pss62;sfcbox;
pss63;sfcbox;
pss64;sfcbox;
pstone2;naomi;
pstone2b;naomi;pstone2
pstone;naomi;
psyforce;coh1000t;
psyforce;coh1000t;psyfrcex
psyforce;taitofx1;
psyforcej;coh1000t;psyforce
psyforcex;coh1000t;psyforce
psyvar2;naomigd;
psyvaria;coh3002t;
psyvarij;coh3002t;psyvaria
psyvarrv;coh3002t;
ptblank;namcoc75;
ptblanka;namcoc75;ptblank
pulstar;neogeo;
puyoda;naomi;
puyofev;naomigd;
puyofevj;naomigd;puyofev
puyofevp;naomigd;puyofev
puyosun;stvbios;
puzldama;konamigx;
puzldama;konamigx;crzcross
puzloopj;skns;puzzloop
puzloopu;skns;puzzloop
puzlstar;pgm;
puzlstara;pgm;puzlstar
puzzldpr;neogeo;puzzledp
puzzledp;neogeo;
puzzli2;pgm;
puzzli2s;pgm;puzzli2
puzzloop;skns;
puzzloopa;skns;puzzloop
puzzloope;skns;puzzloop
puzzloopj;skns;puzzloop
puzzloopk;skns;puzzloop
puzzloopu;skns;puzzloop
pwrshovl;taitotz;
pwrshovla;taitotz;pwrshovl
py2k2100;pgm;py2k2
py2k2;pgm;
qofd3;chihiro;
qofdtbk;chihiro;
questofd;chihiro;
quizdai2;neogeo;
quizdais;neogeo;
quizdaisk;neogeo;quizdais
quizkof;neogeo;
quizkofk;neogeo;quizkof
quiztou;namcoc70;
racinfrc;konamigx;
racinfrcu;konamigx;racinfrc
radarzn1;cvs;radarzon
radarznt;cvs;radarzon
radarzon;cvs;
radirgy;naomigd;
radirgyn;naomi;
radirgyo;naomigd;radirgy
ragnagrd;neogeo;
raizpin;taitotz;
raizpinj;taitotz;raizpin
rangrmsn;awbios;
raycris;coh3002t;
raycrisj;coh3002t;raycris
raystorm;coh1000t;
raystorm;taitofx1;
raystormj;coh1000t;raystorm
raystormo;coh1000t;raystorm
raystormu;coh1000t;raystorm
rbff1;neogeo;
rbff1a;neogeo;rbff1
rbff1k;neogeo;rbff1
rbff1ka;neogeo;rbff1
rbff2;neogeo;
rbff2a;neogeo;rbff2
rbff2bh;neogeo;rbff2
rbff2h;neogeo;rbff2
rbff2k;neogeo;rbff2
rbffspbh;neogeo;rbffspec
rbffspec;neogeo;
rbffspeck;neogeo;rbffspec
rbisland;cchip;
rbislande;cchip;
rbislando;cchip;rbisland
rbtapper;midssio;tapper
rcdego;coh3002t;gobyrc
ridhero;neogeo;
ridheroh;neogeo;ridhero
ringout;naomi;
ringouto;naomi;ringout
roadblst1;atarisy1;roadblst
roadblst2;atarisy1;roadblst
roadblst3;atarisy1;roadblst
roadblst;atarisy1;
roadblstc1;atarisy1;roadblst
roadblstc;atarisy1;roadblst
roadblstcg;atarisy1;roadblst
roadblstg1;atarisy1;roadblst
roadblstg2;atarisy1;roadblst
roadblstg;atarisy1;roadblst
roadblstgu;atarisy1;roadblst
roadedge;hng64;
roadrunn1;atarisy1;roadrunn
roadrunn2;atarisy1;roadrunn
roadrunn;atarisy1;
roboarma;neogeo;roboarmy
roboarmy;neogeo;
roboarmya;neogeo;roboarmy
robocopi;neogeo;
rotd;neogeo;
rotdh;neogeo;rotd
rrvac1;sys246;rrvac
rrvac2;sys246;rrvac
rrvac;sys246;
rsgun;stvbios;
rumblef2;awbios;
rumblef;awbios;
rumblefp;awbios;rumblef
rumblf2p;awbios;rumblef2
rungun2;konamigx;
rushhero;konamigx;
rvschool;coh3002c;
rvschool;cpzn1;
rvschoola;coh3002c;rvschool
rvschoolu;coh3002c;rvschool
ryouran;skns;
ryourano;skns;ryouran
s1945p;neogeo;
salarymc;sys573;
salmankt;awbios;
salmndr2;konamigx;
salmndr2a;konamigx;salmndr2
samba;naomi;
sams64;hng64;
sams64_2;hng64;
samsh5fe;neogeo;samsh5sp
samsh5pf;neogeo;samsh5sp
samsh5sp;neogeo;
samsh5sph;neogeo;samsh5sp
samsh5spho;neogeo;samsh5sp
samsho2;neogeo;
samsho2k;neogeo;samsho2
samsho2ka;neogeo;samsho2
samsho2new;neogeo;samsho2
samsho2sp;neogeo;samsho2
samsho3;neogeo;
samsho3h;neogeo;samsho3
samsho4;neogeo;
samsho4k;neogeo;samsho4
samsho4sp;neogeo;samsho4
samsho5;neogeo;
samsho5a;neogeo;samsho5
samsho5b;neogeo;samsho5
samsho5h;neogeo;samsho5
samsho5x;neogeo;samsho5
samsho;neogeo;
samshoa;neogeo;samsho
samshoh;neogeo;samsho
samsptk;awbios;
sandor;stvbios;
sanjeon;stvbios;sasissu
sarukani;skns;vblokbrk
sasissu;stvbios;
sassisu;stvbios;
savagere;neogeo;
savagereb;neogeo;savagere
sbdk;cvs;superbik
sbp;neogeo;
sbsgomo;nmk004;bioship
sbxc;sys246;
scg05nt;chihiro;
scg05ntb;chihiro;scg05nt
scg06nt;chihiro;
scptour;sys246;
sdodgeb;neogeo;
sdodgebh;neogeo;sdodgeb
seabass;stvbios;
sengekij;skns;sengekis
sengekis;skns;
sengekisj;skns;sengekis
sengokh;neogeo;sengoku
sengoku2;neogeo;
sengoku3;neogeo;
sengoku3a;neogeo;sengoku3
sengoku3eb;neogeo;sengoku3
sengoku3fs;neogeo;sengoku3
sengoku3s;neogeo;sengoku3
sengoku;neogeo;
sengokuh;neogeo;sengoku
senknow;skns;
senko;naomigd;
senkoo;naomigd;senko
senkosp;naomigd;
sexyparo;konamigx;
sexyparoa;konamigx;sexyparo
sfchamp;coh1000t;
sfchamp;taitofx1;
sfchampj;coh1000t;sfchamp
sfchampo;coh1000t;sfchamp
sfchampu;coh1000t;sfchamp
sfex2;coh3002c;
sfex2;cpzn2;
sfex2a;coh3002c;sfex2
sfex2h;coh3002c;sfex2
sfex2j;coh3002c;sfex2
sfex2p;coh3002c;
sfex2p;cpzn2;sfex2
sfex2pa;coh3002c;sfex2p
sfex2ph;coh3002c;sfex2p
sfex2pj;coh3002c;sfex2p
sfex2pu;coh3002c;sfex2p
sfex2u1;coh3002c;sfex2
sfex2u;coh3002c;sfex2
sfex;coh1000c;
sfex;cpzn1;
sfexa;coh1000c;sfex
sfexj;coh1000c;sfex
sfexj;cpzn1;sfex
sfexp;coh1000c;
sfexp;cpzn1;
sfexpj1;coh1000c;sfexp
sfexpj;coh1000c;sfexp
sfexpj;cpzn1;sfexp
sfexpu1;coh1000c;sfexp
sfexu;coh1000c;sfex
sformula;ym2608;tail2nos
sformulaa;ym2608;tail2nos
sfz3ugd;naomigd;
sg2j;cpzn2;
sgdrvsim;naomi2;
sgnascar;hikaru;
sgnascaro;hikaru;sgnascar
sgtetris;naomi;
shanghss;coh3002t;
shangtou;coh3002t;
shanhigw;stvbios;
shienryu;stvbios;
shikgam2;naomigd;
shikigam;coh3002t;
shikigama;coh3002t;
shinfz;isgsm;
shiryu2;coh3002c;strider2
shiryu2;cpzn2;strider2
shngmtkb;coh1002m;
shocktr2;neogeo;
shocktra;neogeo;shocktro
shocktro;neogeo;
shocktroa;neogeo;shocktro
shollow2;midssio;shollow
shollow;midssio;
shootopl;naomi;
shootpl;naomi;
shootplm;naomi;
shootplmp;naomi;shootplm
sht3do;alg3do;
sianniv;coh3002t;
simpbowl;konamigv;
sl2007;naomi;
slamdnk2;konamigx;rungun2
slasho;naomi;
slashout;naomigd;
sleague;stvbios;
smarinef;naomi;
smleague;stvbios;
smlg99;naomi;
sncwgltd;coh1002v;aerofgts
socbrawl;neogeo;
socbrawlh;neogeo;socbrawl
soccerss;konamigx;
soccerssa;konamigx;soccerss
soccerssj;konamigx;soccerss
soccerssja;konamigx;soccerss
soccerssu;konamigx;soccerss
sogeki;kviper;sscopex
sokyugrt;stvbios;
solarfox;midssio;
sonicwi2;neogeo;
sonicwi3;neogeo;
soulcl2a;sys246;soulclb2
soulcl2b;sys246;soulclb2
soulcl2w;sys246;soulclb2
soulclb2;sys246;
soulclb3;sys246;
soulclb3a;sys246;soulclb3
soulclb3b;sys246;soulclb3
soulsurf;naomi2;
soutenry;coh3002t;
spacefrt;cvs;
spacepir;alg_bios;
spacepir_14;alg_bios;spacepir
spawn;naomi;
spidermi;neogeo;
spinmast;neogeo;
spkrbtl;naomigd;
sprtjam;naomigd;
sprtshot;awbios;
spuzbobl;coh3002t;
spuzboblj;coh3002t;spuzbobl
spyhunt;midssio;
spyhuntp;midssio;spyhunt
ss2005;naomigd;
ss2005a;naomigd;ss2005
ss2005o;naomigd;ss2005
sscopefh;kviper;
sscopex;kviper;
ssideki2;neogeo;
ssideki3;neogeo;
ssideki4;neogeo;
ssideki;neogeo;
sss;stvbios;
sstrkfgt;naomi;
sstrkfgta;naomi;sstrkfgt
stakwin2;neogeo;
stakwin;neogeo;
stakwindev;neogeo;stakwin
starglad;coh1000c;
starglad;cpzn1;
stargladj;coh1000c;starglad
stargld2;coh3002c;plsmaswd
starseek;naomigd;
starsldr;aleck64;
stepchmp;sys573;
strahl;nmk004;
strahlj;nmk004;strahl
strahlja;nmk004;strahl
stress;stvbios;
strgchmp;sys573;
strhoop;neogeo;
strider2;coh3002c;
strider2;cpzn2;
strider2a;coh3002c;strider2
strider2u;coh3002c;strider2
stridr2a;cpzn2;strider2
styphp;taitotz;
suikoenb;stvbios;
superbik;cvs;
superdbz;sys256;
superman;cchip;
supermanj;cchip;superman
supermanu;cchip;superman
superspy;neogeo;
sushibar;awbios;
susume;konamigv;lacrazyc
sutapper;midssio;tapper
svc;neogeo;
svcboot;neogeo;svc
svcplus;neogeo;svc
svcplusa;neogeo;svc
svcsplus;neogeo;svc
svg;pgm;
svghk;pgm;svg
svgpcb;pgm;svg
svgtw;pgm;svg
swcourt;namcoc69;
swcourtb;namcoc69;swcourt
swcourtj;namcoc69;swcourt
swracer;hikaru;
sws95;namcoc75;
sws96;namcoc75;
sws97;namcoc75;
syscheck;neogeo;
taiko10;sys256;
taiko9;sys256;
tail2nos;ym2608;
tail2nosa;ym2608;tail2nos
takoron;naomigd;
tapper;midssio;
tappera;midssio;tapper
tapperb;midssio;tapper
tapperg;midssio;tapper
tatacot;stvbios;critcrsh
tblkkuzu;coh1002m;
tbyahhoo;konamigx;
tdragon1;nmk004;tdragon
tdragon;nmk004;
tdragonb3;nmk004;tdragon
tdragonb;nmk004;tdragon
tduno2;naomi;
tduno;naomi;
techbowl;stvbios;
techromn;coh3002c;
techromn;cpzn2;
techromna;coh3002c;techromn
techromnu;coh3002c;techromn
tecmowcm;coh1002m;
tekken4;sys246;
tekken4a;sys246;tekken4
tekken4b;sys246;tekken4
tekken4c;sys246;tekken4
tekken51;sys256;
tekken51b;sys256;tekken51
tekken5d;sys256;
teljan;skns;
teot;neogeo;
tetgiano;segasp;tetgiant
tetgiant;segasp;
tetkiwam;naomigd;
tetrbx;isgsm;
tgmj;coh3002c;
tgmj;cpzn1;
theglad100;pgm;theglad
theglad101;pgm;theglad
theglad104;pgm;theglad
theglad;pgm;
thegladpcb;pgm;theglad
thegladpcba;pgm;theglad
thrild2;kviper;
thrild2a;kviper;thrild2
thrild2ab;kviper;thrild2
thrild2ac;kviper;thrild2
thrild2c;kviper;thrild2
thrild2j;kviper;thrild2
thrild3j;kpython2;
thunt;stvbios;sandor
thuntk;stvbios;sandor
tierras100hz;alg_bios;
timber;midssio;
timecrs3;sys246;
timecrs3e;sys246;timecrs3
timecrs3u;sys246;timecrs3
timecrs4;sys256;
timecrs4j;sys256;timecrs4
timesup;neogeo;
timesupd;neogeo;
tinklpit;namcoc69;
tkmmpzdm;konamigx;
tmnti;neogeo;
tmntia;neogeo;tmnti
tokkae;konamigx;
tokyobus;naomi;
tondemo;coh1002m;
tondemo;tps;
topbladv;crysbios;
tophuntr;neogeo;
tophuntrh;neogeo;tophuntr
totc;neogeo;
totd;naomi;
totdo;naomi;totd
toukon4;naomi;
toyfight;naomi;
tpgolf;neogeo;
trally;neogeo;
trgheart;naomigd;
trghearto;naomigd;trgheart
trizeal;naomigd;
tron2;midssio;tron
tron3;midssio;tron
tron4;midssio;tron
tron5;midssio;tron
tron;midssio;
tronger;midssio;tron
ts2;coh1000c;
ts2;cpzn1;
ts2j;coh1000c;ts2
ts2j;cpzn1;ts2
ts2ja;coh1000c;ts2
ts2u;coh1000c;ts2
ts2ua;coh1000c;ts2
tsurugi;kviper;
tsurugie;kviper;tsurugi
tsurugij;kviper;tsurugi
turfmast;neogeo;
twcup90;ym2608;
twcup90a;ym2608;twcup90
twcup90b1;ym2608;twcup90
twcup90b2;ym2608;twcup90
twcup90b3;ym2608;twcup90
twcup90b4;ym2608;twcup90
twcup90b;ym2608;twcup90
twcup90ba;ym2608;twcup90
twcup90bb;ym2608;twcup90
twcup90c;ym2608;twcup90
twcup90t;ym2608;twcup90
twcup98;stvbios;
twcupmil;coh1002m;
twinbeeb;bubsys;
twinspri;neogeo;
twotiger;midssio;
twrshaft;aleck64;
tws96;neogeo;
twsoc96;neogeo;
twsoc98;stvbios;twcup98
undefeat;naomigd;
urachamu;crysbios;
v4cmaze2;v4bios;
v4cmaze2_amld;v4bios;v4cmaze2
v4cmaze2b;v4bios;v4cmaze2
v4cmaze2c;v4bios;v4cmaze2
v4cmaze2d;v4bios;v4cmaze2
v4cmaze3;v4bios;
v4cmaze3_amld;v4bios;v4cmaze3
v4cmaze3b;v4bios;v4cmaze3
v4cmaze3c;v4bios;v4cmaze3
v4cmaze3d;v4bios;v4cmaze3
v4cmaze;v4bios;
v4cmaze_amld;v4bios;v4cmaze
v4cmazeb;v4bios;v4cmaze
v4cmazec;v4bios;v4cmaze
v4cmazed;v4bios;v4cmaze
v4cmazedat;v4bios;v4cmaze
vandyke;nmk004;
vandykeb;nmk004;vandyke
vandykejal2;nmk004;vandyke
vandykejal;nmk004;vandyke
vathlete;naomigd;
vathletep;naomigd;vathlete
vblokbrk;skns;
vblokbrka;skns;vblokbrk
vcop3;chihiro;
vcop3a;chihiro;vcop3
vf4;naomi2;
vf4b;naomi2;vf4
vf4c;naomi2;vf4
vf4cart;naomi2;
vf4evo;naomi2;
vf4evoa;naomi2;vf4evo
vf4evob;naomi2;vf4evo
vf4evoct;naomi2;
vf4o;naomi2;vf4
vf4tuned;naomi2;
vf4tuneda;naomi2;vf4tuned
vf4tunedd;naomi2;vf4tuned
vfkids;stvbios;
vfremix;stvbios;
vfurlong;awbios;
viewpoin;neogeo;
viewpoinp;neogeo;viewpoin
virnba;naomi;
virnbao;naomi;virnba
virnbap;naomi;virnba
virnbapa;naomi;virnba
virtpool;iteagle;
vivdolls;aleck64;
vliner53;neogeo;vliner
vliner54;neogeo;vliner
vliner6e;neogeo;vliner
vliner7e;neogeo;vliner
vliner;neogeo;
vmahjong;stvbios;
vnight;sys246;
volfied;cchip;
volfiedj;cchip;volfied
volfiedjo;cchip;volfied
volfiedu;cchip;volfied
vonot;naomi;
vs2002ex;triforce;
vs2002j;triforce;
vs2002t3;triforce;
vs2_2k;naomi;
vs2_2ko;naomi;vs2_2k
vs42006;triforce;
vs42006b;triforce;vs42006
vs42k6ex;triforce;
vs4;triforce;
vs4e;triforce;vs4
vs4eo;triforce;vs4
vs4j;triforce;
vs4jc;triforce;vs4j
vs4o;triforce;vs4
vshoot;namcoc75;
vsnetscr;konamigx;
vsnetscra;konamigx;vsnetscr
vsnetscreb;konamigx;vsnetscr
vsnetscrj;konamigx;vsnetscr
vsnetscru;konamigx;vsnetscr
vstrik3;naomi2;
vstrik3c;naomi2;
vstrik3cb;naomi2;vstrik3c
vstrik3co;naomi2;vstrik3c
vtenis2c;naomi;
vtennis2;naomigd;
vtennis;naomi;
vtennisg;naomigd;
wacko;midssio;
waidrive;awbios;
wakuwak7;neogeo;
wakuwak7bh;neogeo;wakuwak7
wallst;cvs;
wanganmd;sys246;
wanganmr;sys246;
wangmid2;chihiro;
wangmid2j;chihiro;wangmid2
wangmid2ja;chihiro;wangmid2
wangmid2o;chihiro;wangmid2
wangmid;chihiro;
wangmidj;chihiro;wangmid
wccf116;naomigd;
wccf1dup;naomigd;
wccf212e;naomigd;
wccf234j;naomigd;
wccf2chk;naomigd;
wccf310j;naomigd;
wccf322e;naomigd;
wccf331e;naomigd;wccf322e
wccf420e;naomigd;
wcombat;kviper;
wcombatb;kviper;wcombat
wcombatj;kviper;wcombat
wcombatk;kviper;wcombat
wcombatu;kviper;wcombat
wh1;neogeo;
wh1h;neogeo;wh1
wh1ha;neogeo;wh1
wh2;neogeo;
wh2h;neogeo;wh2
wh2j;neogeo;
wh2ja;neogeo;wh2j
whp;neogeo;
winspike;konamigx;
winspikea;konamigx;winspike
winspikej;konamigx;winspike
winterht;stvbios;
wjammers;neogeo;
wldkicks;naomi;
wldkicksj;naomi;wldkicks
wldkickspj;naomi;wldkicks
wldkickspw;naomi;wldkicks
wldkicksu;naomi;wldkicks
wldrider;naomi2;
wrungp;naomi;
wrungpo;naomi;wrungp
wsbbgd;naomigd;
wsjr15;alg_bios;wsjr
wsjr;alg_bios;
wsjr_15;alg_bios;wsjr
wswe2k3;kpython;
wswe;kpython;
wulybuly;crysbios;
wwfroyal;naomi;
xday2;namcoc70;
xeno;neogeo;
xenocrisis;neogeo;
xiistag;coh3002t;
xrally;hng64;
xtrial;kviper;
xtrmhnt2;awbios;
xtrmhunt;awbios;
yuyuhaku;sys256;
zedblade;neogeo;
zerofxz;pgm;olds
zerogu2;naomi;
zgundm;sys246;
zgundmdx;sys246;
zintrckb;neogeo;
zintrkcd;neogeo;zintrckb
znpwfv;stvbios;
znpwfvt;stvbios;znpwfv
zoidiexp;sys246;
zoidsinf;sys246;
zokuoten;coh3002t;
zombrvn;naomi;
zombrvne;naomi;zombrvn
zombrvno;naomi;zombrvn
zooo;coh3002t;
zortonbr;alg_bios;
zortonbr_100;alg_bios;zortonbr
zunou;naomi;
zupapa;neogeo;
