name;device1;device2;device3;device4
18wheelr;mie;jvs13551
18wheelrt;mie;jvs13551
18wheelro;mie;jvs13551
18wheels;mie;jvs13551
18wheelu;mie;jvs13551
1944;qsound_hle
1944j;qsound_hle
1944d;qsound_hle
1944u;qsound_hle
19xxar1;qsound_hle
19xxa;qsound_hle
19xxb;qsound_hle
19xx;qsound_hle
19xxh;qsound_hle
19xxjr2;qsound_hle
19xxjr1;qsound_hle
19xxj;qsound_hle
19xxd;qsound_hle
19xxu;qsound_hle
99bottles;oti64111_pci
acedrive;namcoc74
victlapj;namcoc74
victlap;namcoc74
victlapa;namcoc74
acrobatm;nmk004
nss_actr;s_smp;m50458
aircombj;namcoc68;namcoc67
aircomb;namcoc68;namcoc67
airwlkrs;segabill
alpilotj;mie;jvs13551
alpilot;mie;jvs13551
ausfache;mie;jvs13551
alcon;m68705p5
alienfnta;mie;jvs13551
alienfnt;mie;jvs13551
avspa;qsound_hle
avspd;qsound_hle
avsp;qsound_hle
avsph;qsound_hle
avspj;qsound_hle
avspu;qsound_hle
znpwfvt;segabill
animaljrs;ym2413
ark1ball;m68705p3
arkanoidjbl;m68705p3
arkanoidjbl2;m68705p3
arkanoidja;m68705p5
arkanoidj;m68705p5
arkanoidjb;m68705p5
arkanoidpe;m68705p5
arkanoidu;m68705p5
arkanoiduo;m68705p5
arkanoid;m68705p5
armwarar1;qsound_hle
armwara;qsound_hle
armwarb;qsound_hle
armwar1d;qsound_hle
armwarr1;qsound_hle
armwar;qsound_hle
armwaru1;qsound_hle
armwaru;qsound_hle
asndynmt;mie;jvs13551
asndynmto;mie;jvs13551
assaultj;namcoc65
assault;namcoc65
assaultp;namcoc65
astrass;segabill
mf_achas;m68705p3
astron;ldv1000
astronp;ldv1000
atomicp;ym2413
azumanga;mie;jvs13551;segadimm
kbadlands;ldv1000
kbadlandsh;ldv1000
bakubaku;segabill
baoqingt;ym2413
batmanfr;segabill
ts2;qsound_hle
ts2ja;qsound_hle
ts2j;qsound_hle
ts2ua;qsound_hle
ts2u;qsound_hle
batcira;qsound_hle
batcird;qsound_hle
batcir;qsound_hle
batcirj;qsound_hle
btlfieldb;ym2413
btlfield;ym2413
battles;namco51
battles2;namco50;namco51;namco54
btoads;bsmt2000
beachspi;mie;jvs13551;segadimm
bigevglfj;m68705p5
bigevglf;m68705p5
realbrko;ym2413
realbrk;ym2413
realbrkj;ym2413
realbrkk;ym2413
bioship;nmk004
bking3;m68705p5
blkheart;nmk004
blkheartj;nmk004
blockbl;ym2413
blockj;ym2413
blockr2;ym2413
blockr1;ym2413
block;ym2413
bonzeadvu;cchip
bonzeadvp;cchip
bonzeadvp2;cchip
bonzeadv;cchip
bonzeadvo;cchip
bdrdown;mie;jvs13551;segadimm
boscomd;namco50;namco51;namco52;namco54
boscomdo;namco50;namco51;namco52;namco54
bosco1;namco50;namco51;namco52;namco54
bosco1o;namco50;namco51;namco52;namco54
bosco3;namco50;namco51;namco52;namco54
bosco;namco50;namco51;namco52;namco54
mf_bdash;m68705p3
bballs;m68705r3
bballsa;m68705r3
brkball;ym2413
mf_brist;m68705p3
bub68705;m68705p3
bubbletrj;namcoc65
bubbletr;namcoc65
buggychl;m68705p5
buggychlt;m68705p5
burnforc;namcoc65
burnforco;namcoc65
bbros;ym2413
bygone;m68705p5
dinoa;qsound_hle
dinou;qsound_hle
dino;qsound_hle
dinoj;qsound_hle
calchase;tgui9680
cndypuzl;microtouch
cspike;mie;jvs13551
cbasebal;ym2413
cscluba;qsound_hle
csclub1d;qsound_hle
csclub1;qsound_hle
csclub;qsound_hle
csclubh;qsound_hle
csclubjy;qsound_hle
csclubj;qsound_hle
cvs2;mie;jvs13551;segadimm
cvs2mf;mie;jvs13551;segadimm
capsnkb;mie;jvs13551
capsnka;mie;jvs13551
capsnk;mie;jvs13551
cvsgd;mie;jvs13551;segadimm
captainx;m68705r3
chaknpop;m68705p5
changela;m68705p3
cfield;mie;jvs13551;segadimm
karatourj;ym2413
cshift;sente6vb
choroqhr;segabill
kikaioh;qsound_hle
cecmatch;bsmt2000
cleoftp;mie;jvs13551;segadimm
cliffhgr;pr8210
cliffhgra;pr8210
cliffhgra2;pr8210
clubkcyco;mie;jvs13551;segadimm
clubkcyc;mie;jvs13551;segadimm
clubkprz;mie;jvs13551
clubkpzb;mie;jvs13551
clubkpzbp;mie;jvs13551
clubkrto;mie;jvs13551
clubk2kp;mie;jvs13551
clubk2kpa;mie;jvs13551
clubk2k3;mie;jvs13551
clubkrta;mie;jvs13551
clubkrtc;mie;jvs13551
clubkrt;mie;jvs13551
cobram3;pr8210
cobram3a;pr8210
cobraseg;ldv1000
colmns97;segabill
comebaby;virge_pci
confmiss;mie;jvs13551;segadimm
nss_con3;s_smp;m50458
csmasho;mie;jvs13551
csmash;mie;jvs13551
cgangpzlj;namcoc69
cgangpzl;namcoc69
cosmogngj;namcoc65
cosmogng;namcoc65
cotton2;segabill
cottonbm;segabill
champ2;at_keybc;kb_ms_natural;ibm_vga
crater;midssio
crzytaxi;mie;jvs13551
crtaxihr;jvs13551;segadimm;seganetw
critcrsh;segabill
cshootert;m68705p5
crusnexod;tms32032
crusnexoc;tms32032
crusnexob;tms32032
crusnexoaa;tms32032
crusnexoa;tms32032
crusnexo;tms32032
crusnusa11;tms32031
crusnusa20;tms32031
crusnusa21;tms32031
crusnusa40;tms32031
crusnusa41;tms32031
crusnusa44;tms32031
crusnusa;tms32031
crusnwld13;tms32031
crusnwld17;tms32031
crusnwld19;tms32031
crusnwld20;tms32031
crusnwld23;tms32031
crusnwld24;tms32031
crusnwld;tms32031
cubeqst;simutrek
cubeqsta;simutrek
cybrcomm;namcoc74
cybsleda;namcoc68;namcoc67
cybsled;namcoc68;namcoc67
vonr;segabill
von;segabill
vonj;segabill
vonu;segabill
cybots;qsound_hle
cybotsj;qsound_hle
cybotsjd;qsound_hle
cybotsud;qsound_hle
cybotsu;qsound_hle
sanjeon;segabill
daikaiju;m68705p5
danceyesj;namcoc76
danceyesu;namcoc76
danceyes;namcoc76
ddungeon;m68705p3
ddungeone;m68705p3
darktowr;m68705p3
dstlka;qsound_hle
dstlk;qsound_hle
dstlkh;qsound_hle
dstlku1d;qsound_hle
dstlkur1;qsound_hle
dstlku;qsound_hle
nss_aten;s_smp;m50458
daytona93;model1io
daytonagtx;model1io
daytona;model1io
daytonam;model1io
daytonat;model1io
daytonata;model1io
daytonas;model1io
daytona2;segabill
dayto2pe;segabill
daytonase;model1io
doaae;segabill
doaa;segabill
doaab;segabill
doab;segabill
doa;segabill
doa2;mie;jvs13551
doa2a;mie;jvs13551
doa2m;mie;jvs13551
deathcoxj;mie;jvs13551
deathcoxo;mie;jvs13551
deathcox;mie;jvs13551
decathlto;segabill
decathlt;segabill
demoderb;midssio
demoderbc;midssio
derbyoc;mie;jvs13551
derbyo2k;mie;jvs13551
derbyoc2;mie;jvs13551
drbyocwa;mie;jvs13551
drbyocwb;mie;jvs13551
drbyocwc;mie;jvs13551
drbyocwt;mie;jvs13551
derbyocw;mie;jvs13551
desert;model1io
dharma;ym2413
dharmag;ym2413
dharmaj;ym2413
dharmak;ym2413
diehard;segabill
digdugat1;namco51;namco53
digdugat;namco51;namco53
digsid;namco51;namco53
digdug1;namco51;namco53
digdug;namco51;namco53
dimahoo;qsound_hle
dimahoud;qsound_hle
dimahoou;qsound_hle
dirtdvlsau;segabill
dirtdvls;segabill
dirtdvlsg;segabill
dirtdvlsj;segabill
dirtdvlsu;segabill
dirtfoxj;namcoc65
dotronep;midssio
dotrone;midssio
dotron;midssio
dotrona;midssio
dokaben;ym2413
dokaben2;ym2413
starseek;mie;jvs13551;segadimm
domino;midssio
dominoa;midssio
dsaberj;namcoc65
dsaber;namcoc65
dsabera;namcoc65
drivedge;tms32031
driveyes;namcoc68
sgdrvsim;mie;jvs13551
ddsomar1;qsound_hle
ddsoma;qsound_hle
ddsomb;qsound_hle
ddsomr3;qsound_hle
ddsomr2;qsound_hle
ddsomr1;qsound_hle
ddsom;qsound_hle
ddsomh;qsound_hle
ddsomjr2;qsound_hle
ddsomjr1;qsound_hle
ddsomj;qsound_hle
ddsomur1;qsound_hle
ddsomud;qsound_hle
ddsomu;qsound_hle
ddtodar1;qsound_hle
ddtoda;qsound_hle
ddtodr1;qsound_hle
ddtodd;qsound_hle
ddtod;qsound_hle
ddtodhr2;qsound_hle
ddtodhr1;qsound_hle
ddtodh;qsound_hle
ddtodjr2;qsound_hle
ddtodjr1;qsound_hle
ddtodj;qsound_hle
ddtodur1;qsound_hle
ddtodu;qsound_hle
dunkmniajc;namcoc76
dunkmnia;namcoc76
dynabb;segabill
dybb99;mie;jvs13551
dynabb97;segabill
dybbnao;mie;jvs13551
dynamcop;segabill
dynamcopb;segabill
dnmtdeka;segabill
dyndeka2;segabill
dyndeka2b;segabill
ecofghtra;qsound_hle
ecofghtrh;qsound_hle
ecofghtru1;qsound_hle
ecofghtru;qsound_hle
ecofghtrd;qsound_hle
ecofghtr;qsound_hle
ejihon;segabill
elevator;m68705p5
elevatora;m68705p5
emeraldaj;namcoc69
emeraldaja;namcoc69
emeralda;namcoc70
eca;segabill
ecaj;segabill
ecap;segabill
ecau;segabill
empcity;m68705p5
empcityfr;m68705p5
empcityi;m68705p5
empcityj;m68705p5
empcityu;m68705p5
esh;ldv1000
esha;ldv1000
eshb;ldv1000
animaljr;ym2413
exvaniaj;namcoc69
exvania;namcoc69
nss_fzer;s_smp;m50458
fzeroaxc;segadimm
fzeroaxd;segadimm
fzeroax;segadimm
fa;namcoc69
fambowl;namcoc76
sqbert;votrsc01a
fatfurspb;s_smp
f355;mie;jvs13551
f355p;mie;jvs13551
f355twinp;mie;jvs13551
f355twin;mie;jvs13551
f355twn2;mie;jvs13551
fieldday;m68705p5
fghtatck;namcoc69
fvipersb;segabill
fvipers;segabill
fvipers2;segabill
fvipers2o;segabill
filetto;filetto_cga
finlarch;segabill
ffight2b;s_smp
ffight3b;s_smp
ffight3b2;s_smp
ffrevng10;segabill
ffreveng;segabill
finallapjb;namcoc65
finallapjc;namcoc65
finallapc;namcoc65
finallapd;namcoc65
finallap;namcoc65
finalap2;namcoc65
finalap2j;namcoc65
finalap3bl;namcoc68
finalap3jc;namcoc68
finalap3j;namcoc68
finalap3;namcoc68
finalap3a;namcoc68
finalapr1;namcoc75
finalaprj1;namcoc75
finalaprj;namcoc75
finalapr;namcoc75
finehour;namcoc65
firefox;22vp931
firefoxa;22vp931
mf_flip;m68705p3
footbpow11;tms32031
footbpow;tms32031
40lovej;m68705p5
40love;m68705p5
fourtraxj;namcoc65
fourtraxa;namcoc65
fourtrax;namcoc65
fredmemj;bsmt2000
fredmemc;bsmt2000
fredmesp;bsmt2000
fredmemuk;bsmt2000
fredmemus;bsmt2000
fredmem;bsmt2000
frontlin;m68705p5
frontlina;m68705p5
fhboxers;segabill
galagamf;namco51;namco54
galagamw;namco51;namco54
galagamk;namco51;namco54
galaga;namco51;namco54
galagao;namco51;namco54
galaga3a;namco62
galaga3;namco62
galaga3b;namco62
galaga3c;namco62
galaga3m;namco62
gal3;namcoc67
galaxyr;ldv1000
galaxyrp;ldv1000
gallag;namco51
glpracr;qsound_hle
glpracrj;qsound_hle
gammagic;oti64111_pci
gamecstl;ps2_keybc;kb_ms_natural;sis900_eth;sis630_gui
gamecst2;ps2_keybc;kb_ms_natural;sis900_eth;sis630_gui
gmfamily;ps2_keybc;kb_ms_natural;sis900_eth;sis630_gui
gangwars;ym2413
gangwarsb;ym2413
gangwarsj;ym2413
gangwarsu;ym2413
gaplusd;namco62
gaplus;namco62
gaplusa;namco62
gapluse;namco62
gaplust;namco62
gatsbee;namco51;namco54
gekpuryb;segadimm
gekpurya;segadimm
getbass;segabill
getbassdx;segabill
getbassur;segabill
getstarj;m68705p5
denseib;s_smp
denseib2;s_smp
ghostsqo;jvs13551;segadimm;seganetw
ghostsqu;jvs13551;segadimm;seganetw
gram2000;mie;jvs13551
ggram2;mie;jvs13551
gigawinga;qsound_hle
gigawingb;qsound_hle
gigawingh;qsound_hle
gigawingjd;qsound_hle
gigawingj;qsound_hle
gigawingd;qsound_hle
gigawing;qsound_hle
gwing2;mie;jvs13551
gimeabrk;sente6vb
goaltogo;pr8210
gghost;sente6vb
goldmedlb;ym2413
goldmedl;ym2413
goldmedla;ym2413
gaxeduel;segabill
gollygho;namcoc65
gorf;votrsc01
gorfpgm1f;votrsc01
gorfpgm1g;votrsc01
gorfpgm1;votrsc01
gorfirec;votrsc01
gpworld;ldv1000
polepos2bi;namco51
polepos2bs;namco51
grally;namco51
grndtour;ym2413
gmahou;qsound_hle
gslgr94u;namcoc75
gslgr94j;namcoc75
gslugrsj;namcoc75
groovef;segabill
grudgep;sente6vb
grudgei;sente6vb
grudge;sente6vb
grmatch;ym2608
grdian;m68705p5
grdforce;segabill
ggx;mie;jvs13551
ggxx;mie;jvs13551;segadimm
ggxxrl;mie;jvs13551;segadimm
ggxxrlo;mie;jvs13551;segadimm
ggxxac;mie;jvs13551;segadimm
ggxxsla;mie;jvs13551;segadimm
gunbuletj;namcoc75
gunbuletw;namcoc75
gunsur2j;mie;jvs13551
gunsur2;mie;jvs13551
gunbarla;namcoc76
gunblade;segabill
gundamos;jvs13551;segadimm;seganetw
endless;s_smp
endlessa;s_smp
gunnail;nmk004
gunnailp;nmk004
hachamf;nmk004
hachamfa;nmk004
hachamfb;nmk004
hachamfp;nmk004
hpyagu98;segabill
haremchl;microtouch
harleya;segabill
harley;segabill
hattrick;sente6vb
hatrisj;ym2608
hatrisp;ym2608
hatris;ym2608
hmgeo;mie;jvs13551
hostinv;tgui9680
hydrthnd;virge_pci
hydrthnd100d;virge_pci
hydrthnd101b;virge_pci
hsf2d;qsound_hle
hsf2a;qsound_hle
hsf2j2;qsound_hle
hsf2j1;qsound_hle
hsf2j;qsound_hle
hsf2;qsound_hle
ikaruga;mie;jvs13551;segadimm
illvelo;mie;jvs13551
indy500d;segabill
indy500;segabill
indy500to;segabill
initdexp;mie;jvs13551;segadimm
initdexpo;mie;jvs13551;segadimm
initd;mie;jvs13551;segadimm
initdo;mie;jvs13551;segadimm
initdv2e;mie;jvs13551;segadimm
initdv2ja;mie;jvs13551;segadimm
initdv2j;mie;jvs13551;segadimm
initdv2jo;mie;jvs13551;segadimm
initdv3e;mie;jvs13551;segadimm
initdv3jb;mie;jvs13551;segadimm
initdv3j;mie;jvs13551;segadimm
inidv3ca;mie;jvs13551;segadimm
inidv3cy;mie;jvs13551;segadimm
istellar;ldv1000
istellar2;ldv1000
invasnab3;tms32032
invasnab4;tms32032
invasnab;tms32032
iqblockf;ym2413
iqblock;ym2413
iron;s_smp
vshoot;namcoc75
jambo;mie;jvs13551
jigkmgri;cchip
jigkmgria;cchip
jingystm;mie;jvs13551;segadimm
journey;midssio
karous;mie;jvs13551;segadimm
kick4csh;mie;jvs13551;sega837_14438
kickc;midssio
kick;midssio
kikstart;m68705p5
kickman;midssio
kinstsnes;s_smp
kinstb;s_smp
knightb;m68705p3
knckheadjp;namcoc70
knckheadj;namcoc70
knckhead;namcoc70
bmcbowl;ym2413
strahlj;nmk004
strahlja;nmk004
strahl;nmk004
kroozr;midssio
krama;m68705p3
kram;m68705p3
kurucham;mie;jvs13551;segadimm
kyukaidk;namcoc65
kyukaidko;namcoc65
lamachin;segabill
ladykill;ym2413
lsasquad;m68705p5
lgp;ldv1000
lgpalt;ldv1000
lasstixx;microtouch
lastbrnx;segabill
lastbrnxu;segabill
lastbrnxj;segabill
lemans24;segabill
legendsb;s_smp
nss_lwep;s_smp;m50458
luckywld;namcoc68
luckywldj;namcoc68
lupinshoo;mie;jvs13551;segadimm
lupinsho;mie;jvs13551;segadimm
luptype;mie;jvs13551;segadimm
mach3;pr8210
mach3a;pr8210
mach3b;pr8210
machbrkrj;namcoc75
machbrkr;namcoc75
magerror;ym2413
magtruck;segabill
malzak;saa5050
malzak2;saa5050
mamonoro;mie;jvs13551
maniach;m68705p5
maniach2;m68705p5
manicpnc;mie;jvs13551
manxttdx;segabill
manxttc;segabill
manxtt;segabill
mmatrixa;qsound_hle
mmatrixj;qsound_hle
mmatrixd;qsound_hle
mmatrix;qsound_hle
maruchan;segabill
marvland;namcoc65
marvlandup;namcoc65
msha;qsound_hle
mshbr1;qsound_hle
mshb;qsound_hle
msh;qsound_hle
mshh;qsound_hle
mshjr1;qsound_hle
mshj;qsound_hle
mshud;qsound_hle
mshu;qsound_hle
mshvsfa1;qsound_hle
mshvsfa;qsound_hle
mshvsfb1;qsound_hle
mshvsfb;qsound_hle
mshvsf;qsound_hle
mshvsfh;qsound_hle
mshvsfj2;qsound_hle
mshvsfj1;qsound_hle
mshvsfj;qsound_hle
mshvsfu1d;qsound_hle
mshvsfu1;qsound_hle
mshvsfu;qsound_hle
mvsc2;mie;jvs13551
mvsc2u;mie;jvs13551
mvscar1;qsound_hle
mvsca;qsound_hle
mvscb;qsound_hle
mvscr1;qsound_hle
mvsc;qsound_hle
mvsch;qsound_hle
mvscjr1;qsound_hle
mvscj;qsound_hle
mvscjsing;qsound_hle
mvscur1;qsound_hle
mvscud;qsound_hle
mvscu;qsound_hle
mausuke;segabill
mazanj;mie;jvs13551
mazanu;mie;jvs13551
mazan;mie;jvs13551
mechattj;ym2608
mechattu1;ym2608
mechattu;ym2608
mechatt;ym2608
megablstj;cchip
megablstu;cchip
megablst;cchip
megaman2a;qsound_hle
megaman2h;qsound_hle
megamn2d;qsound_hle
megaman2;qsound_hle
mmancp2ur2;qsound_hle
mmancp2ur1;qsound_hle
mmancp2u;qsound_hle
megat5a;microtouch
megat5;microtouch
megat5nj;microtouch
megat5g;microtouch
megat5t;microtouch
megat5tg;microtouch
megat6;microtouch
megat7e;microtouch
megat3d;microtouch
megat3c;microtouch
megat3b;microtouch
megat3a;microtouch
megat3;microtouch
megat3caa;microtouch
megat3ca;microtouch
megat3nj;microtouch
megat3te;microtouch
megat3tg;microtouch
megat4d;microtouch
megat4c;microtouch
megat4b;microtouch
megat4a;microtouch
megat4;microtouch
megat4tea;microtouch
megat4te;microtouch
mtchxlti;dm_clgd5430;microtouch
myqbert;votrsc01a
meltyblo;mie;jvs13551;segadimm
meltybld;mie;jvs13551;segadimm
meltybo;mie;jvs13551;segadimm
meltyb;mie;jvs13551;segadimm
mbaao;mie;jvs13551
mbaa;mie;jvs13551
metlfrzr;t5182
metlhawkj;namcoc65
metlhawk;namcoc65
metalmx;tms32031
mexico86;m68705p3
mexico86a;m68705p3
midresb;m68705r3
mpanga;qsound_hle
mpangr1;qsound_hle
mpang;qsound_hle
mpangj;qsound_hle
mpangu;qsound_hle
minigolfb;sente6vb
minigolfa;sente6vb
minigolf;sente6vb
mirninja;namcoc65
mirninjaa;namcoc65
gundmct;mie;jvs13551
gundmgd;mie;jvs13551;segadimm
gundmxgd;mie;jvs13551;segadimm
moegonta;ym2413
monkeyba;mie;jvs13551;segadimm
mmpanic;ym2413
mstworld2;ym2413
mk3snes;s_smp
mk4b;tms32032
mk4a;tms32032
mk4;tms32032
motoraid;segabill
motoraiddx;segabill
mouja;ym2413
chocomk;mie;jvs13551;segadimm
mbombrdj;qsound_hle
mbombrd;qsound_hle
mbomberj;qsound_hle
mushikc;mie;jvs13551
mushikk;mie;jvs13551
mushikeo;mie;jvs13551
mushike;mie;jvs13551
mushikep;mie;jvs13551
mushik2k;mie;jvs13551
mushi2eo;mie;jvs13551
mushik2e;mie;jvs13551
mushik4t;mie;jvs13551
mushik4e;mie;jvs13551
mushi2k4;mie;jvs13551
mushi2k5;mie;jvs13551
mushi2k61;mie;jvs13551
mushi2k62;mie;jvs13551
mustachei;t5182
mustache;t5182
nsub;s97269pb
nycaptor;m68705p5
nss_ncaa;s_smp;m50458
nebulrayj;namcoc75
nebulrayp;namcoc75
nebulray;namcoc75
nebulbee;namco51
kuniokun;m68705p5
pss62;s_smp
nflfoot;midssio
nstocker;sente6vb
nstockera;sente6vb
nwarra;qsound_hle
nwarrb;qsound_hle
nwarr;qsound_hle
nwarrh;qsound_hle
nwarrud;qsound_hle
nwarru;qsound_hle
ninjaslta;mie;jvs13551
ninjasltj;mie;jvs13551
ninjasltu;mie;jvs13551
ninjaslt;mie;jvs13551
takoron;mie;jvs13551;segadimm
numanathj;namcoc70
numanath;namcoc70
odeontw;microtouch
odeontw2;microtouch
offroadc0;tms32031
offroadc1;tms32031
offroadc3;tms32031
offroadc4;tms32031
offroadc5;tms32031
offroadc;tms32031
otwalls;sente6vb
offrthnd;virge_pci
ollie;jvs13551;segadimm;seganetw
onna34ro;m68705p5
opwolfj;cchip
opwolfjsc;cchip
opwolfu;cchip
opwolf;cchip
opwolfa;cchip
ordyneje;namcoc65
ordynej;namcoc65
ordyne;namcoc65
outr2;jvs13551;segadimm;seganetw
outr2sto;jvs13551;segadimm;seganetw
outr2stj;jvs13551;segadimm;seganetw
outr2stjo;jvs13551;segadimm;seganetw
outr2st;jvs13551;segadimm;seganetw
otrigger;mie;jvs13551
overrevba;segabill
overrevb;segabill
pac90;ym2608
pkgnsh;ym2413
pkgnshdx;ym2413
pangb;ym2413
pangbold;ym2413
pangb2;ym2413
pangbb;ym2413
pangbp;ym2413
pangbc;ym2413
pang;ym2413
pangpoms;ym2413
pangpomsm;ym2413
pangpomsn;ym2413
panicrg;t5182
panicr;t5182
pblbeach;segabill
phelios;namcoc65
pheliosj;namcoc65
photoply98sp;at_keybc;kb_ms_natural;clgd5446_pci
photoply99nl;at_keybc;kb_ms_natural;clgd5446_pci
photoply99sp;at_keybc;kb_ms_natural;clgd5446_pci
photoply2knl;at_keybc;kb_ms_natural;clgd5446_pci
photoply2ksp;at_keybc;kb_ms_natural;clgd5446_pci
photoply2k;at_keybc;kb_ms_natural;clgd5446_pci
photoply2k1it;at_keybc;kb_ms_natural;clgd5446_pci
photoply2k1nl;at_keybc;kb_ms_natural;clgd5446_pci
photoply2k2be;at_keybc;kb_ms_natural;clgd5446_pci
photoply2k4;at_keybc;kb_ms_natural;clgd5446_pci
photoply2k1mtnl;at_keybc;kb_ms_natural;clgd5446_pci
pltkidsa;segabill
pltkids;segabill
ppmast93;ym2413
pipeline;m68705r3
pitnruna;m68705p5
pitnrunb;m68705p5
pitnrun;m68705p5
megat;microtouch
megat2b;microtouch
megat2a;microtouch
megat2;microtouch
megat2mn;microtouch
megat2caa;microtouch
megat2ca;microtouch
pbst30a;microtouch
pbst30;microtouch
plsmaswda;qsound_hle
plsmaswd;qsound_hle
pfghtj;qsound_hle
pocketrc;namcoc76
ptblank;namcoc75
ptblanka;namcoc75
ptblank2ua;namcoc76
ptblank2b;namcoc76
ptblank2a;namcoc76
ptblank2c;namcoc76
poittoc;ym2413
poitto;ym2413
pokasuka;mie;jvs13551
poleposa1n;namco51;namco52;namco53;namco54
poleposa1;namco51;namco52;namco53;namco54
poleposa2;namco51;namco52;namco53;namco54
poleposj;namco51;namco52;namco53;namco54
polepos;namco51;namco52;namco53;namco54
polepos2a;namco51;namco52;namco53;namco54
polepos2b;namco51;namco52;namco53;namco54
polepos2;namco51;namco52;namco53;namco54
policetr10;bsmt2000
policetr11;bsmt2000
policetr13;bsmt2000
policetr13a;bsmt2000
policetr;bsmt2000
policetr13b;bsmt2000
pompingw;ym2413
popobear;ym2413
powsledm;segabill
powsledr;segabill
powsled;segabill
pstone;mie;jvs13551
pstone2;mie;jvs13551
pstone2b;mie;jvs13551
pgearr1;qsound_hle
pgear;qsound_hle
pbillian;m68705p5
primrage20;tms32031
primrageo;tms32031
primrage;tms32031
primglex;namcoc76
prikura;segabill
progeara;qsound_hle
progearud;qsound_hle
progear;qsound_hle
progearjd;qsound_hle
progearj;qsound_hle
progearjbl;qsound_hle
pjustica;mie;jvs13551
pjustic;mie;jvs13551
psyvar2;mie;jvs13551;segadimm
pushmans;m68705r3
pushman;m68705r3
pushmana;m68705r3
pushmant;m68705r3
puyofev;mie;jvs13551;segadimm
puyofevj;mie;jvs13551;segadimm
puyofevp;mie;jvs13551
puyosun;segabill
pzloop2;qsound_hle
pzloop2jr1;qsound_hle
pzloop2jd;qsound_hle
pzloop2j;qsound_hle
thuntk;segabill
sandor;segabill
thunt;segabill
rongrong;ym2413
rongrongj;ym2413
pzlestar;ym2413
puzzlet;ym2413
puzznicj;m68705p3
puzznicu;m68705p3
puzznic;m68705p3
qberttst;votrsc01
qbertj;votrsc01a
qbert;votrsc01a
qberta;votrsc01a
qbertqub;votrsc01a
quake;banshee_x86
questofd;jvs13551;segadimm;seganetw
qofd3;jvs13551;segadimm;seganetw
qofdtbk;jvs13551;segadimm;seganetw
rsgun;segabill
radikalba;tms32031
radikalb;tms32031
radirgy;mie;jvs13551;segadimm
radirgyo;mie;jvs13551;segadimm
radirgyn;mie;jvs13551
rchase2;segabill
rbislando;cchip
rbislande;cchip
rbisland;cchip
rampartj;ym2413
rampart2p;ym2413
rampart2pa;ym2413
rampart;ym2413
raveracej;namcoc74
raveraceja;namcoc74
raverace;namcoc74
reactor;votrsc01
relief3;ym2413
relief2;ym2413
relief;ym2413
renegade;m68705p5
rescraid;sente6vb
rescraida;sente6vb
retofinv;m68705p5
retofinvb;m68705p5
ridgeracj;namcoc74
ridgeracb;namcoc74
ridgeracc;namcoc74
ridgerac;namcoc74
ridgeraca;namcoc74
ridgera2j;namcoc74
ridgera2ja;namcoc74
ridgera2;namcoc74
ridgera28;namcoc74
ridgeracf;namcoc74
ringdesta;qsound_hle
ringdestb;qsound_hle
ringdstd;qsound_hle
ringdest;qsound_hle
ringdesth;qsound_hle
ringouto;mie;jvs13551
ringout;mie;jvs13551
rotra;tms32031
rotr;tms32031
rvschoola;qsound_hle
rvschool;qsound_hle
rvschoolu;qsound_hle
nss_rob3;s_smp;m50458
rockman2j;qsound_hle
rmancp2j;qsound_hle
rthun2;namcoc65
rthun2j;namcoc65
rumba;m68705p5
rushbets;s_smp
hanagumi;segabill
sfrush;tms32031
sfrushrk;tms32031
sfrushrkw;tms32031
sfrushrkwo;tms32031
wofa;qsound_hle
shollow;midssio
shollow2;midssio
slammastu;qsound_hle
slammast;qsound_hle
scudau;segabill
scuddx;segabill
scuddxo;segabill
scud;segabill
scudplus;segabill
scudplusa;segabill
seabass;segabill
sfposeid;m68705p5
bassdx;segabill
scg06nt;jvs13551;segadimm;seganetw
scg05ntb;jvs13551;segadimm;seganetw
scg05nt;jvs13551;segadimm;seganetw
smarinef;mie;jvs13551
netmerc;model1io2;hd44780
srally2;segabill
srally2p;segabill
srally2pa;segabill
srally2dx;segabill
srallycdxa;segabill
srallycdx;segabill
srallycc;segabill
srallycb;segabill
srallyc;segabill
sstrkfgta;mie;jvs13551
sstrkfgt;mie;jvs13551
sgtetris;mie;jvs13551
senko;mie;jvs13551;segadimm
senkoo;mie;jvs13551;segadimm
senkosp;mie;jvs13551;segadimm
sexyboom;ym2413
sshooter11;bsmt2000
sshooter12;bsmt2000
sshooter17;bsmt2000
sshooter;bsmt2000
shienryu;segabill
shikgam2;mie;jvs13551;segadimm
toukon4;mie;jvs13551
jgakuen1;qsound_hle
jgakuen;qsound_hle
sl2007;mie;jvs13551
shootopl;mie;jvs13551
shootpl;mie;jvs13551
shootplm;mie;jvs13551;sega837_14438
shootplmp;mie;jvs13551
shrike;sente6vb
iqblocka;ym2413
skichamp;segabill
nss_skin;s_smp;m50458
skyadvntj;ym2413
skyadvntu;ym2413
skyadvnt;ym2413
skyalert;ym2413
skysoldrbl;ym2413
skysoldr;ym2413
skytargt;segabill
slapfigha;m68705p5
slapfigh;m68705p5
slasho;mie;jvs13551
slashout;mie;jvs13551;segadimm
snakjack;sente6vb
snakepit;sente6vb
snakepita;sente6vb
snapper;ym2413
solarfox;midssio
solrwarr;m68705p5
solvalou;namcoc68;namcoc67
sblast2b;s_smp
schamp;segabill
sfight;segabill
sokyugrt;segabill
souledgeja;namcoc76
souledgeua;namcoc76
souledgea;namcoc76
souledge;namcoc76
souledgeuc;namcoc76
soulsurf;mie;jvs13551
sbsgomo;nmk004
sdungeon;m68705p3
sdungeona;m68705p3
spawn;mie;jvs13551
speedrcr;namcoc75
ppspeed;namco51;namco52;namco53;namco54
speedup10;tms32031
speedup12;tms32031
speedup;tms32031
spikeout;segabill
spikeofe;segabill
spikera;sente6vb
spiker;sente6vb
spikerb;sente6vb
spkrbtl;mie;jvs13551;segadimm
sfish2j;segabill
sfish2;segabill
sprtjam;mie;jvs13551;segadimm
spyhunt;midssio;midcsd
spyhuntp;midssio;midcsd
sblazerp;ldv1000
stargld2;qsound_hle
stargladj;qsound_hle
starglad;qsound_hle
starswepj;namcoc76
starswep;namcoc76
swaj;model1io
swa;model1io
swtrilgy;segabill
swtrilgya;segabill
swtrilgyp;segabill
starbladj;namcoc68;namcoc67
starblad;namcoc68;namcoc67
sgunnerj;namcoc65
sgunner;namcoc65
sgunner2j;namcoc68
sgunner2;namcoc68
sss;segabill
stocker;sente6vb
stompin;sente6vb
stompina;sente6vb
stfighta;m68705p5
stfightgb;m68705p5
stfight;m68705p5
sfa2;qsound_hle
sfa2ur1;qsound_hle
sfa2u;qsound_hle
sfa3b;qsound_hle
sfa3;qsound_hle
sfa3hr1;qsound_hle
sfa3h;qsound_hle
sfa3us;qsound_hle
sfa3ur1;qsound_hle
sfa3ud;qsound_hle
sfa3u;qsound_hle
sfar3;qsound_hle
sfar2;qsound_hle
sfar1;qsound_hle
sfad;qsound_hle
sfa;qsound_hle
sfau;qsound_hle
sfexa;qsound_hle
sfex;qsound_hle
sfexj;qsound_hle
sfexu;qsound_hle
sfexpj1;qsound_hle
sfexpj;qsound_hle
sfexpu1;qsound_hle
sfexp;qsound_hle
sfex2a;qsound_hle
sfex2;qsound_hle
sfex2h;qsound_hle
sfex2j;qsound_hle
sfex2u1;qsound_hle
sfex2u;qsound_hle
sfex2pa;qsound_hle
sfex2p;qsound_hle
sfex2ph;qsound_hle
sfex2pj;qsound_hle
sfex2pu;qsound_hle
sfzar1;qsound_hle
sfza;qsound_hle
sfzbr1;qsound_hle
sfzb;qsound_hle
sfzhr1;qsound_hle
sfzh;qsound_hle
sfzjr2;qsound_hle
sfzjr1;qsound_hle
sfzj;qsound_hle
sfz2ad;qsound_hle
sfz2a;qsound_hle
sfz2br1;qsound_hle
sfz2b;qsound_hle
sfz2h;qsound_hle
sfz2jd;qsound_hle
sfz2jr1;qsound_hle
sfz2j;qsound_hle
sfz2n;qsound_hle
sfz2alr1;qsound_hle
sfz2ald;qsound_hle
sfz2al;qsound_hle
sfz2alb;qsound_hle
sfz2alh;qsound_hle
sfz2alj;qsound_hle
sfz3ar1;qsound_hle
sfz3a;qsound_hle
sfz3jr2d;qsound_hle
sfz3jr2;qsound_hle
sfz3jr1;qsound_hle
sfz3j;qsound_hle
sfz3ugd;mie;jvs13551;segadimm
sfootbal;sente6vb
streetgr3;microtouch
streetg;microtouch
streetg2r5;microtouch
streetg2;microtouch
strider2a;qsound_hle
strider2;qsound_hle
strider2u;qsound_hle
shiryu2;qsound_hle
suikoenb;segabill
sbbros;ym2413
sbasebalj;ym2413
sbasebal;ym2413
superdq;ldv1000
superdqa;ldv1000
superdqs;ldv1000
pss64;s_smp
pss63;s_smp
sformula;ym2608
sformulaa;ym2608
sgemfa;qsound_hle
sgemfh;qsound_hle
sgemfd;qsound_hle
sgemf;qsound_hle
sgt24h;segabill
smleague;segabill
nss_smas;s_smp;m50458
pss61;s_smp
nss_smw;s_smp;m50458
megat4sb;microtouch
megat4sa;microtouch
megat4s;microtouch
megat4smn;microtouch
megat4snj;microtouch
megat4st;microtouch
megat4stg;microtouch
smotor;ym2413
smbombr1;qsound_hle
smbomb;qsound_hle
spangj;ym2413
spangbl;ym2413
spangbl2;ym2413
spang;ym2413
sprpuzzle;ym2413
spf2ta;qsound_hle
spf2t;qsound_hle
spf2th;qsound_hle
spf2td;qsound_hle
spf2tu;qsound_hle
spf2xjd;qsound_hle
spf2xj;qsound_hle
nss_ssoc;s_smp;m50458
macross;nmk004
ssf2tad;qsound_hle
ssf2ta;qsound_hle
ssf2th;qsound_hle
ssf2tur1;qsound_hle
ssf2tu;qsound_hle
ssf2t;qsound_hle
ssf2xjr1d;qsound_hle
ssf2xjr1r;qsound_hle
ssf2xjr1;qsound_hle
ssf2xj;qsound_hle
ssf2ar1;qsound_hle
ssf2a;qsound_hle
ssf2h;qsound_hle
ssf2jr2;qsound_hle
ssf2jr1;qsound_hle
ssf2j;qsound_hle
ssf2ud;qsound_hle
ssf2u;qsound_hle
ssf2r1;qsound_hle
ssf2;qsound_hle
ssf2us2;qsound_hle
ssf2tba;qsound_hle
ssf2tbh;qsound_hle
ssf2tbj1;qsound_hle
ssf2tbj;qsound_hle
ssf2tbu;qsound_hle
ssf2tbr1;qsound_hle
ssf2tbd;qsound_hle
ssf2tb;qsound_hle
nss_sten;s_smp;m50458
swcourtj;namcoc69
swcourtb;namcoc69
swcourt;namcoc69
sws92;namcoc68
sws92g;namcoc68
sws93;namcoc68
sws95;namcoc75
sws96;namcoc75
sws97;namcoc75
sws;namcoc68
sxevious;namco50;namco51;namco54
sxeviousj;namco50;namco51;namco54
supermanj;cchip
supermanu;cchip
superman;cchip
surfplnt20;tms32031
surfplnt30;tms32031
surfplnt40;tms32031
surfplnt;tms32031
suzuka8hj;namcoc68
suzuka8h;namcoc68
suzuk8h2j;namcoc68
suzuk8h2;namcoc68
tmek20;tms32031
tmek44;tms32031
tmek45;tms32031
tmek51p;tms32031
tmek;tms32031
tbasebal;m68705p3
tail2nosa;ym2608
tail2nos;ym2608
sasissu;segabill
tappera;midssio
tapperg;midssio
tapper;midssio
tapperb;midssio
rbtapper;midssio
sutapper;midssio
tharrierb;m68705r3
tatacot;segabill
tattassa;bsmt2000
tattass;bsmt2000
teamht;sente6vb
techromna;qsound_hle
techromn;qsound_hle
techromnu;qsound_hle
techbowl;segabill
twcup90a;ym2608
twcup90b;ym2608
twcup90c;ym2608
twcup90t;ym2608
twcup90;ym2608
twcup98;segabill
twsoc98;segabill
tmntmwb;s_smp
tmntucbl;m68705r3
tekkenac;namcoc76
tekkenjb;namcoc76
tekkenb;namcoc76
tekken;namcoc76
tekken2ua;namcoc76
tekken2a;namcoc76
tekken2jb;namcoc76
tekken2jc;namcoc76
tekken2ub;namcoc76
tekken2ud;namcoc76
tekken2b;namcoc76
tekken2;namcoc76
wofj;qsound_hle
tetriskr;tetriskr_cga
igstet341;ym2413
igstet342;ym2413
tetkiwam;mie;jvs13551;segadimm
tgmj;qsound_hle
thayers;votrsc01
thayersa;votrsc01
nss_adam;s_smp;m50458
elecyoyoa;m68705p3
elecyoyo;m68705p3
flstory;m68705p5
flstoryo;m68705p5
funkyfig;ym2413
funkyfiga;ym2413
thegridb;tms32032
thegrida;tms32032
thegrid;tms32032
hotd2o;mie;jvs13551;gunsense
hotd2e;mie;jvs13551;gunsense
hotd2p;mie;jvs13551;gunsense
hotd2;mie;jvs13551;gunsense
hotd3;jvs13551;segadimm;seganetw
karatour;ym2413
avalonca;segadimm
avaloncc;segadimm
avalonce;segadimm
avaloncf;segadimm
avalonc;segadimm
avalonsa;segadimm
avalonsc;segadimm
avalonse;segadimm
avalonsf;segadimm
avalons;segadimm
avalnc12;segadimm
avalns12;segadimm
avalnc13;segadimm
avalns13;segadimm
avalon20;segadimm
avalnc25a;segadimm
avalnc25;segadimm
avalns25a;segadimm
avalns25;segadimm
kingrt66p;mie;jvs13551
kingrt66;mie;jvs13551
lkageb;m68705p5
lkagea;m68705p5
lkagem;m68705p5
lkage;m68705p5
darkmist;t5182
lostwsga;segabill
lostwsgp;segabill
mok;mie;jvs13551;segadimm
oceanhun;segabill
oceanhuna;segabill
outfxiesja;namcoc75
outfxiesj;namcoc75
outfxiesa;namcoc75
outfxies;namcoc75
punisherh;qsound_hle
punisherj;qsound_hle
punisheru;qsound_hle
punisher;qsound_hle
tinstar;m68705p5
tinstara;m68705p5
totdo;mie;jvs13551
totd;mie;jvs13551
undoukai;m68705p5
tdragon1;nmk004
tdragon;nmk004
tstrike;m68705p3
tstrikea;m68705p3
tigerhb4;m68705p5
tigerhj;m68705p5
tigerh;m68705p5
timber;midssio
timesold1;ym2413
timesold;ym2413
tinklpit;namcoc69
toggle;sente6vb
tokio;m68705p5
tokioo;m68705p5
tokiou;m68705p5
tokyobus;mie;jvs13551
topgunnr;m68705p3
topracern;namco51
topracera;namco51;namco52;namco53;namco54
topracer;namco51;namco52;namco53;namco54
tduno;mie;jvs13551
tduno2;mie;jvs13551
tmdo;microtouch
tm;microtouch
tm2kb;microtouch
tm2ka;microtouch
tm2kspeval;microtouch
tm2k;microtouch
tm3ka;microtouch
tm3ksp;microtouch
tm3k;microtouch
tm3keval;microtouch
tm4kmn;microtouch
tm4kb;microtouch
tm4kca;microtouch
tm4kuk;microtouch
tm4ka;microtouch
tm4knj;microtouch
tm4k;microtouch
tm5ka;microtouch
tm5kca;microtouch
tm5kmn;microtouch
tm5k;microtouch
tm5kuk;microtouch
tm7kmna;microtouch
tm7ka;microtouch
tm7kde;microtouch
tm7kmn;microtouch
tm7k;microtouch
tm7knj;microtouch
tm7keval;microtouch
tm8k902;microtouch
tm8k;microtouch
arkatour2;m68705p5
arkatour;m68705p5
elandore;segabill
toyfight;mie;jvs13551
trghearto;mie;jvs13551;segadimm
trgheart;mie;jvs13551;segadimm
trizeal;mie;jvs13551;segadimm
tron5;midssio
tron4;midssio
tron3;midssio
tron2;midssio
tron;midssio
tronger;midssio
turbotag;midssio;midcsd
twotiger;midssio
twotigerc;midssio
tylz;votrsc01a
uecology;qsound_hle
undefeat;mie;jvs13551;segadimm
mustangs;nmk004
mustang;nmk004
usvsthem;pr8210
valkyrie;namcoc65
vhunt2d;qsound_hle
vhunt2r1;qsound_hle
vhunt2;qsound_hle
vhuntjr2;qsound_hle
vhuntjr1s;qsound_hle
vhuntjr1;qsound_hle
vhuntj;qsound_hle
vsav2d;qsound_hle
vsav2;qsound_hle
vsava;qsound_hle
vsavb;qsound_hle
vsavd;qsound_hle
vsav;qsound_hle
vsavh;qsound_hle
vsavj;qsound_hle
vsavu;qsound_hle
vampjr1;qsound_hle
vampja;qsound_hle
vampj;qsound_hle
vandykejal;nmk004
vandykejal2;nmk004
vandyke;nmk004
venom;s_smp
victnine;m68705p5
vathlete;mie;jvs13551;segadimm
vathletep;mie;jvs13551
vcopa;model1io2;hd44780
vcop;model1io2;hd44780
vcop2;segabill
vcop3a;jvs13551;segadimm;seganetw
vcop3;jvs13551;segadimm;seganetw
vf;model1io
vf2o;segabill
vf2a;segabill
vf2b;segabill
vf2;segabill
vf3a;segabill
vf3c;segabill
vf3;segabill
vf3tb;segabill
vf4o;mie;jvs13551;segadimm
vf4b;mie;jvs13551;segadimm
vf4cart;mie;jvs13551
vf4;mie;jvs13551;segadimm
vf4evoa;mie;jvs13551;segadimm
vf4evob;mie;jvs13551;segadimm
vf4evo;mie;jvs13551;segadimm
vf4evoct;mie;jvs13551
vf4tuneda;mie;jvs13551;segadimm
vf4tunedd;mie;jvs13551;segadimm
vf4tuned;mie;jvs13551;segadimm
vfkids;segabill
vfremix;segabill
vformula;model1io;m1comm
dygolfp;mie;jvs13551
dygolf;mie;jvs13551;segadimm
virnbao;mie;jvs13551
virnbapa;mie;jvs13551
virnbap;mie;jvs13551
virnba;mie;jvs13551
vr;model1io;m1comm
vstrikero;segabill
vstriker;segabill
vs29815;segabill
vs298;segabill
vs299a;segabill
vs299;segabill
vs29915a;segabill
vs2v991;segabill
vs299j;segabill
vs29915;segabill
vs29915j;segabill
vs215;segabill
vs215o;segabill
vs2;segabill
vs2_2ko;mie;jvs13551
vs2_2k;mie;jvs13551
vs2002ex;segadimm
vs2002j;segadimm
vs2002t3;segadimm
vstrik3;mie;jvs13551;segadimm
vstrik3c;mie;jvs13551
vstrik3co;mie;jvs13551
vs4e;segadimm
vs4eo;segadimm
vs4;segadimm
vs4o;segadimm
vs4jc;segadimm
vs4j;segadimm
vs42k6ex;segadimm
vs42006b;segadimm
vs42006;segadimm
vtennis;mie;jvs13551
vtennisg;mie;jvs13551;segadimm
vtenis2c;mie;jvs13551
vtennis2;mie;jvs13551;segadimm
von2a;segabill
von2;segabill
von254g;segabill
von2o;segabill
vonot;mie;jvs13551
volfiedj;cchip
volfiedjo;cchip
volfiedu;cchip
volfieduo;cchip
volfied;cchip
volfiedo;cchip
hotsmash;m68705p5
wacko;midssio
animaljrj;ym2413
wangmid;jvs13551;segadimm;seganetw
wangmidj;jvs13551;segadimm;seganetw
wangmid2;jvs13551;segadimm;seganetw
wangmid2o;jvs13551;segadimm;seganetw
wangmid2ja;jvs13551;segadimm;seganetw
wangmid2j;jvs13551;segadimm;seganetw
wasafari;segabill
wargodsa;tms32031
wargods;tms32031
wargodsb;tms32031
wofu;qsound_hle
wofr1;qsound_hle
wof;qsound_hle
wrungp;mie;jvs13551
wrungpo;mie;jvs13551
wldgunsb;s_smp
wldrider;mie;jvs13551
wingwarj;model1io2;hd44780;m1comm
wingwaru;model1io2;hd44780;m1comm
wingwar;model1io2;hd44780;m1comm
wingwar360;model1io2;hd44780;m1comm
winrun91;namcoc65
winrun;namcoc65
winrungp;namcoc65
winterht;segabill
wow;votrsc01
wowg;votrsc01
wccf310j;mie;jvs13551;segadimm
wccf331e;mie;jvs13551;segadimm
wccf331j;mie;jvs13551;segadimm
wccf341j;mie;jvs13551;segadimm
wccf322e;mie;jvs13551;segadimm
wccf420e;mie;jvs13551;segadimm
wccf400j;mie;jvs13551;segadimm
wccf1dup;mie;jvs13551;segadimm
wccf116;mie;jvs13551;segadimm
wccf2chk;mie;jvs13551;segadimm
wccf212e;mie;jvs13551;segadimm
wccf234j;mie;jvs13551;segadimm
wldkicksj;mie;jvs13551
wldkicksu;mie;jvs13551
wldkicks;mie;jvs13551
wldkickspj;mie;jvs13551
wldkickspw;mie;jvs13551
smlg99;mie;jvs13551
wsbbgd;mie;jvs13551;segadimm
wwfroyal;mie;jvs13551
wyvernf0a;m68705p5
wyvernf0;m68705p5
xtom3d;banshee_x86
xmvsfar3;qsound_hle
xmvsfar2;qsound_hle
xmvsfar1;qsound_hle
xmvsfa;qsound_hle
xmvsfb;qsound_hle
xmvsfr1;qsound_hle
xmvsf;qsound_hle
xmvsfh;qsound_hle
xmvsfjr4;qsound_hle
xmvsfjr3;qsound_hle
xmvsfjr2;qsound_hle
xmvsfjr1;qsound_hle
xmvsfj;qsound_hle
xmvsfur2;qsound_hle
xmvsfu1d;qsound_hle
xmvsfur1;qsound_hle
xmvsfu;qsound_hle
xmcotaar2;qsound_hle
xmcotaar1;qsound_hle
xmcotaa;qsound_hle
xmcotab;qsound_hle
xmcotar1d;qsound_hle
xmcotar1;qsound_hle
xmcota;qsound_hle
xmcotahr1;qsound_hle
xmcotah;qsound_hle
xmcotajr;qsound_hle
xmcotaj3;qsound_hle
xmcotaj2;qsound_hle
xmcotaj1;qsound_hle
xmcotaj;qsound_hle
xmcotau;qsound_hle
xsleenaj;m68705p5
xsleena;m68705p5
xevios;namco50;namco51;namco54
xeviousa;namco50;namco51;namco54
xeviousc;namco50;namco51;namco54
xeviousb;namco50;namco51;namco54
xevious;namco50;namco51;namco54
xevi3dgj;namcoc76
xevi3dga;namcoc76
xevi3dg;namcoc76
znpwfv;segabill
findlove;segabill
zeroguna;segabill
zerogun;segabill
zerogunaj;segabill
zerogunj;segabill
zerogu2;mie;jvs13551
dzigzag;namco51;namco53
zombrvno;mie;jvs13551
zombrvne;mie;jvs13551
zombrvn;mie;jvs13551
zookeep;m68705p3
zookeep2;m68705p3
zookeep3;m68705p3
zwackery;midcsd
