name;description;year;manufacturer;is_parent;romof;is_clone;cloneof;sasampleof
funkyjet;Funky Jet (World, rev 1);1992;[Data East] (Mitchell license);YES;-;NO;-;-
pacplus;Pac-Man Plus;1982;[Namco] (Midway license);YES;-;NO;-;-
bankp;Bank Panic;1984;[Sanritsu] Sega;YES;-;NO;-;-
kncljoe;Knuckle Joe (set 1);1985;[Seibu Kaihatsu] (Taito license);YES;-;NO;-;-
snowbro2;Snow Bros. 2 - with new elves;1994;[Toaplan] Hanafram;YES;-;NO;-;-
rallybik;Rally Bike / Dash Yarou;1988;[Toaplan] Taito Corporation;YES;-;NO;-;-
truxton;Truxton;1988;[Toaplan] Taito Corporation;YES;-;NO;-;-
blueprnt;Blue Print (Midway);1982;[Zilec Electronics] Bally Midway;YES;-;NO;-;-
grasspin;Grasspin;1983;[Zilec Electronics] Jaleco;YES;-;NO;-;-
saturnzi;Saturn;1983;[Zilec Electronics] Jaleco;YES;-;NO;-;-
dimahoo;Dimahoo (000121 Euro);2000;8ing / Raizing / Capcom;YES;-;NO;-;-
watrball;Water Balls;1996;ABM;YES;-;NO;-;-
blmbycar;Blomby Car;1994;ABM & Gecas;YES;-;NO;-;-
pgalvip;Pocket Gals V.I.P (set 1);1996;ACE International / Afega;YES;-;NO;-;-
imago;Imago (cocktail set);1984;Acom;YES;-;NO;-;-
dolmen;Dolmen;1995;Afega;YES;-;NO;-;-
mangchi;Mang-Chi;2000;Afega;YES;-;NO;-;-
popspops;Pop's Pop's;1999;Afega;YES;-;NO;-;-
stagger1;Stagger I (Japan);1998;Afega;YES;-;NO;-;-
twinactn;Twin Action;1995;Afega;YES;-;NO;-;-
grdnstrm;Guardian Storm (horizontal, not encrypted);1998;Afega (Apples Industries license);YES;-;NO;-;-
bubl2000;Bubble 2000;1998;Afega (Tuning license);YES;-;NO;-;-
blandia;Blandia;1992;Allumer;YES;-;NO;-;-
madshark;Mad Shark;1993;Allumer;YES;-;NO;-;-
rezon;Rezon;1991;Allumer;YES;-;NO;-;-
zingzip;Zing Zing Zip;1992;Allumer + Tecmo;YES;-;NO;-;-
gangwars;Gang Wars;1989;Alpha Denshi Co.;YES;-;NO;-;-
skyadvnt;Sky Adventure (World);1989;Alpha Denshi Co.;YES;-;NO;-;-
sstingry;Super Stingray (Japan);1986;Alpha Denshi Co.;YES;-;NO;-;-
sbasebal;Super Champion Baseball (US);1989;Alpha Denshi Co. (SNK of America license);YES;-;NO;-;-
skysoldr;Sky Soldiers (US);1988;Alpha Denshi Co. (SNK of America/Romstar license);YES;-;NO;-;-
kyros;Kyros;1987;Alpha Denshi Co. (World Games Inc. license);YES;-;NO;-;-
nmouse;Naughty Mouse (set 1);1981;Amenip (Palcom Queen River);YES;-;NO;-;-
woodpeck;Woodpecker (set 1);1981;Amenip (Palcom Queen River);YES;-;NO;-;-
keroppi;Kero Kero Keroppi's Let's Play Together (USA, Version 2.0);1995;American Sammy;YES;-;NO;-;-
krzybowl;Krazy Bowl;1994;American Sammy;YES;-;NO;-;-
orbs;Orbs (10/7/94 prototype?);1994;American Sammy;YES;-;NO;-;-
phoenix;Phoenix (Amstar);1980;Amstar;YES;-;NO;-;-
livequiz;Live Quiz Show;1999;Andamiro Entertainment Co. Ltd.;YES;-;NO;-;-
tgm2;Tetris the Absolute The Grand Master 2;2000;Arika;YES;-;NO;-;-
warofbug;War of the Bugs or Monsterous Manouvers in a Mushroom Maze;1981;Armenia;YES;-;NO;-;-
4in1;4 Fun in 1 [Bootleg];1981;Armenia / Food and Fun;YES;-;NO;-;-
mariner;Mariner;1981;Armenip;YES;-;NO;-;-
redufo;Defend the Terra Attack on the Red UFO;1981;Artic;YES;-;NO;-;-
devilfsh;Devil Fish;1982;Artic;YES;-;NO;-;-
dingo;Dingo;1983;Ashby Computers and Graphics LTD. (Jaleco license);YES;-;NO;-;-
canyon;Canyon Bomber [No sound];1977;Atari;YES;-;NO;-;-
centiped;Centipede (revision 4);1980;Atari;YES;-;NO;-;-
milliped;Millipede;1982;Atari;YES;-;NO;-;-
gauntlet;Gauntlet (rev 14);1985;Atari Games;YES;-;NO;-;-
gaunt2;Gauntlet II;1986;Atari Games;YES;-;NO;-;-
atetris;Tetris (set 1) [No sound];1988;Atari Games;YES;-;NO;-;-
atehate;Athena no Hatena ?;1993;Athena;YES;-;NO;-;-
daioh;Daioh;1993;Athena;YES;-;NO;-;-
pairlove;Pairs Love;1991;Athena;YES;-;NO;-;-
wits;Wit's (Japan);1989;Athena (Visco license);YES;-;NO;-;-
jjsquawk;J. J. Squawkers;1993;Athena / Able;YES;-;NO;-;-
calibr50;Caliber 50;1989;Athena / Seta;YES;-;NO;-;-
stg;Strike Gunner S.T.G;1991;Athena / Tecmo;YES;-;NO;-;-
blazeon;Blaze On (Japan);1992;Atlus;YES;-;NO;-;-
naname;Naname de Magic!;1994;Atlus;YES;-;NO;-;-
ohmygod;Oh My God!;1993;Atlus;YES;-;NO;-;-
powerins;Power Instinct (USA);1993;Atlus;YES;-;NO;-;-
pwrinst2;Power Instinct 2 (USA, ver. 94/04/08);1994;Atlus;YES;-;NO;-;-
wingforc;Wing Force (Japan, prototype);1993;Atlus;YES;-;NO;-;-
ddonpach;DoDonPachi (International, master ver. 97/02/05);1997;Atlus / Cave;YES;-;NO;-;-
donpachi;DonPachi (USA, ver. 1.12, 95/05/2x);1995;Atlus / Cave;YES;-;NO;-;-
esprade;ESP Ra.De. - A.D.2018 Tokyo (International, ver. 98/04/22);1998;Atlus / Cave;YES;-;NO;-;-
guwange;Guwange (Japan, Master Ver. 99/06/24);1999;Atlus / Cave;YES;-;NO;-;-
plegends;Gouketsuji Gaiden Legends (USA, ver. 95/06/20);1995;Atlus / KM International;YES;-;NO;-;-
mrkougar;Mr. Kougar;1984;ATW;YES;-;NO;-;-
newsin7;New Sinbad 7;1983;ATW USA, Inc.;YES;-;NO;-;-
jrpacman;Jr. Pac-Man (11/9/83);1983;Bally Midway;YES;-;NO;-;-
jumpshot;Jump Shot;1985;Bally Midway;YES;-;NO;-;-
dbz;Dragonball Z (rev B);1993;Banpresto;YES;-;NO;-;-
dbz2;Dragonball Z 2 - Super Battle;1994;Banpresto;YES;-;NO;-;-
grdians;Guardians [Imperfect graphics @ game start cutscene];1995;Banpresto;YES;-;NO;-;-
gundhara;Gundhara;1995;Banpresto;YES;-;NO;-;-
msgundam;Mobile Suit Gundam;1993;Banpresto;YES;-;NO;-;-
gundamex;Mobile Suit Gundam EX Revue;1994;Banpresto;YES;-;NO;-;-
macross;Super Spacefortress Macross / Chou-Jikuu Yousai Macross;1992;Banpresto;YES;nmk004;NO;-;-
macross2;Super Spacefortress Macross II / Chou-Jikuu Yousai Macross II;1993;Banpresto;YES;-;NO;-;-
sdgndmps;SD Gundam Psycho Salamander no Kyoui;1991;Banpresto / Bandai;YES;-;NO;-;-
ultraman;Ultraman (Japan);1991;Banpresto / Bandai;YES;-;NO;-;-
mazinger;Mazinger Z (World, ver. 94/06/27);1994;Banpresto / Dynamic Pl. Toei Animation;YES;-;NO;-;-
agallet;Air Gallet (Europe);1996;BanPresto / Gazelle;YES;-;NO;-;-
sailormn;Pretty Soldier Sailor Moon (ver. 95/03/22B, Europe);1995;BanPresto / Gazelle;YES;-;NO;-;-
bangball;Bang Bang Ball (v1.05);1996;Banpresto / Kunihiko Tashiro+Goodhouse;YES;-;NO;-;-
metmqstr;Metamoqester (International);1995;Banpresto / Pandorabox;YES;-;NO;-;-
neobattl;SD Gundam Neo Battling (Japan);1992;Banpresto / Sotsu Agency. Sunrise;YES;-;NO;-;-
kamenrid;Masked Riders Club Battle Race;1993;Banpresto / Toei;YES;-;NO;-;-
utoukond;Ultra Toukon Densetsu (Japan);1993;Banpresto / Tsuburaya Productions;YES;-;NO;-;-
ultrax;Ultra X Weapons / Ultra Keibitai;1995;Banpresto / Tsuburaya Productions;YES;-;NO;-;-
umanclub;Ultraman Club - Tatakae! Ultraman Kyoudai!!;1992;Banpresto / Tsuburaya Productions;YES;-;NO;-;-
onetwo;One + Two;1997;Barko;YES;-;NO;-;-
honeydol;Honey Dolls;1995;Barko Corp;YES;-;NO;-;-
twinadv;Twin Adventure (World);1995;Barko Corp;YES;-;NO;-;-
zipzap;Zip & Zap [Imperfect GFXs, No Sound];1995;Barko Corp;YES;-;NO;-;-
manybloc;Many Block;1991;Bee-Oh;YES;-;NO;-;-
1941;1941 - Counter Attack (900227 World);1990;Capcom;YES;-;NO;-;-
1942;1942 (Revision B);1984;Capcom;YES;-;NO;-;-
1943kai;1943 Kai: Midway Kaisen (Japan);1987;Capcom;YES;-;NO;-;-
1943;1943: The Battle of Midway (Euro);1987;Capcom;YES;-;NO;-;-
1943mii;1943: The Battle of Midway Mark II (US);1988;Capcom;YES;-;NO;-;-
19xx;19XX - the war against destiny (951207 USA);1995;Capcom;YES;-;NO;-;-
hatena;Adventure Quiz 2 - Hatena? no Daibouken (Japan 900228);1990;Capcom;YES;-;NO;-;-
cworld2j;Adventure Quiz Capcom World 2 (920611 Japan);1992;Capcom;YES;-;NO;-;-
avsp;Alien vs Predator (940520 Euro);1994;Capcom;YES;-;NO;-;-
armwar;Armored Warriors (941024 Europe);1994;Capcom;YES;-;NO;-;-
avengers;Avengers (US set 1);1987;Capcom;YES;-;NO;-;-
batcir;Battle Circuit (970319 Euro);1997;Capcom;YES;-;NO;-;-
bionicc;Bionic Commando (Euro);1987;Capcom;YES;-;NO;-;-
blktiger;Black Tiger;1987;Capcom;YES;-;NO;-;-
block;Block Block (World 911219 Joystick);1991;Capcom;YES;-;NO;-;-
dino;Cadillacs & Dinosaurs (930201 etc);1993;Capcom;YES;-;NO;-;-
csclub;Capcom Sports Club (971017 Euro);1997;Capcom;YES;-;NO;-;-
cworld;Capcom World (Japan);1990;Capcom;YES;-;NO;-;-
captcomm;Captain Commando (911202 other country);1991;Capcom;YES;-;NO;-;-
cawing;Carrier Air Wing (U.S. navy 901012 etc);1990;Capcom;YES;-;NO;-;-
commando;Commando (World);1985;Capcom;YES;-;NO;-;-
cybots;Cyberbots - fullmetal madness (950424 Euro);1995;Capcom;YES;-;NO;-;-
dstlk;Darkstalkers - the night warriors (940705 Euro);1994;Capcom;YES;-;NO;-;-
dokaben;Dokaben (Japan);1989;Capcom;YES;-;NO;-;-
ddsom;Dungeons & Dragons - shadow over mystara (960619 Euro);1996;Capcom;YES;-;NO;-;-
ddtod;Dungeons & Dragons - tower of doom (940412 Euro);1994;Capcom;YES;-;NO;-;-
dynwar;Dynasty Wars (US set 1);1989;Capcom;YES;-;NO;-;-
ecofghtr;Eco Fighters (931203 etc);1993;Capcom;YES;-;NO;-;-
exedexes;Exed Exes;1985;Capcom;YES;-;NO;-;-
ffight;Final Fight (World, set 1);1989;Capcom;YES;-;NO;-;-
forgottn;Forgotten Worlds (World, newer);1988;Capcom;YES;-;NO;-;-
ganbare;Ganbare! Marine Kun (Marine 2K0411 JPN);2000;Capcom;YES;-;NO;-;-
gng;Ghosts'n Goblins (World? set 1);1985;Capcom;YES;-;NO;-;-
ghouls;Ghouls'n Ghosts (World);1988;Capcom;YES;-;NO;-;-
gigawing;Giga Wing (990222 USA);1999;Capcom;YES;-;NO;-;-
gunsmoke;Gun.Smoke (World, 851115);1985;Capcom;YES;-;NO;-;-
hsf2;Hyper Street Fighter II: The Anniversary Edition (040202 USA);2004;Capcom;YES;-;NO;-;-
jojoba;JoJo's Bizarre Adventure: Heritage for the Future / JoJo no Kimyou na Bouken: Mirai e no Isan (Japan 990927);1999;Capcom;YES;-;NO;-;-
jojo;JoJo's Venture / JoJo no Kimyou na Bouken (USA 990128);1998;Capcom;YES;-;NO;-;-
knights;Knights of the Round (911127 etc);1991;Capcom;YES;-;NO;-;-
lastduel;Last Duel (US New Ver.);1988;Capcom;YES;-;NO;-;-
leds2011;Led Storm Rally 2011 (World);1988;Capcom;YES;-;NO;-;-
lwings;Legendary Wings (US set 1);1986;Capcom;YES;-;NO;-;-
madgear;Mad Gear (US);1989;Capcom;YES;-;NO;-;-
msword;Magic Sword - heroic fantasy (25.07.1990 other country);1990;Capcom;YES;-;NO;-;-
msh;Marvel Super Heroes (951024 Euro);1995;Capcom;YES;-;NO;-;-
mshvsf;Marvel Super Heroes vs Street Fighter (970625 Euro);1997;Capcom;YES;-;NO;-;-
mvsc;Marvel vs Capcom - clash of super heroes (980123 Euro);1998;Capcom;YES;-;NO;-;-
megaman;Mega Man - the power battle (951006 USA);1995;Capcom;YES;-;NO;-;-
megaman2;Mega Man 2 - the power fighters (960708 USA);1996;Capcom;YES;-;NO;-;-
mtwins;Mega Twins (chiki chiki boys 900619 etc);1990;Capcom;YES;-;NO;-;-
mercs;Mercs (900302 etc);1990;Capcom;YES;-;NO;-;-
mbombrd;Muscle Bomber Duo - ultimate team battle (931206 etc);1993;Capcom;YES;-;NO;-;-
nemo;Nemo (90 11 30 etc);1990;Capcom;YES;-;NO;-;-
nwarr;Night Warriors - darkstalkers' revenge (950316 Euro);1995;Capcom;YES;-;NO;-;-
higemaru;Pirate Ship Higemaru;1984;Capcom;YES;-;NO;-;-
pokonyan;Pokonyan (Japan 940322);1994;Capcom;YES;-;NO;-;-
qad;Quiz & Dragons (capcom quiz game 920701 USA);1992;Capcom;YES;-;NO;-;-
qndream;Quiz Nanairo Dreams - nijiirochou no kiseki (nanairo dreams 960826 Japan);1996;Capcom;YES;-;NO;-;-
qsangoku;Quiz Sangokushi (Japan);1991;Capcom;YES;-;NO;-;-
qtono1;Quiz Tonosama no Yabou (Japan);1991;Capcom;YES;-;NO;-;-
qtono2j;Quiz Tonosama no Yabou 2 Zenkoku-ban (tonosama 2 950123 Japan);1995;Capcom;YES;-;NO;-;-
redearth;Red Earth / War-Zard (Euro 961121);1996;Capcom;YES;-;NO;-;-
ringdest;Ring of Destruction - slammasters II (940902 Euro);1994;Capcom;YES;-;NO;-;-
slammast;Saturday Night Slam Masters (Slam Masters 930713 etc);1993;Capcom;YES;-;NO;-;-
sectionz;Section Z (set 1);1985;Capcom;YES;-;NO;-;-
sidearms;Side Arms - Hyper Dyne (World, 861129);1986;Capcom;YES;-;NO;-;-
sonson;Son Son;1984;Capcom;YES;-;NO;-;-
sf;Street Fighter (US, set 1);1987;Capcom;YES;-;NO;-;-
sfa;Street Fighter Alpha - warriors' dreams (950727 Euro);1995;Capcom;YES;-;NO;-;-
sfa2;Street Fighter Alpha 2 (960229 Euro);1996;Capcom;YES;-;NO;-;-
sfa3;Street Fighter Alpha 3 (980904 Euro);1998;Capcom;YES;-;NO;-;-
sf2;Street Fighter II - The World Warrior (910522 etc);1991;Capcom;YES;-;NO;-;-
sf2ce;Street Fighter II' - Champion Edition (street fighter 2' 920513 etc);1992;Capcom;YES;-;NO;-;-
sf2hf;Street Fighter II' - Hyper Fighting (street fighter 2' T 921209 ETC);1992;Capcom;YES;-;NO;-;-
sfiii2;Street Fighter III 2nd Impact: Giant Attack (USA 970930);1997;Capcom;YES;-;NO;-;-
sfiii3;Street Fighter III 3rd Strike: Fight for the Future (Euro 990608);1999;Capcom;YES;-;NO;-;-
sfiii;Street Fighter III: New Generation (Euro 970204);1997;Capcom;YES;-;NO;-;-
sfzch;Street Fighter Zero (CPS Changer, 951020 Japan);1995;Capcom;YES;-;NO;-;-
sfz2al;Street Fighter Zero 2 Alpha (960826 Asia);1996;Capcom;YES;-;NO;-;-
strider;Strider (US set 1);1989;Capcom;YES;-;NO;-;-
sgemf;Super Gem Fighter Mini Mix (970904 USA);1997;Capcom;YES;-;NO;-;-
spf2t;Super Puzzle Fighter II Turbo (Super Puzzle Fighter 2 Turbo 960529 Euro);1996;Capcom;YES;-;NO;-;-
ssf2;Super Street Fighter II - the new challengers (super street fighter 2 931005 etc);1993;Capcom;YES;-;NO;-;-
ssf2t;Super Street Fighter II Turbo (super street fighter 2 X 940223 etc);1994;Capcom;YES;-;NO;-;-
wofch;Tenchi wo Kurau II - Sekiheki no Tatakai (CPS Changer, 921031 Japan);1992;Capcom;YES;-;NO;-;-
kod;The King of Dragons (910805 etc);1991;Capcom;YES;-;NO;-;-
punisher;The Punisher (930422 etc);1993;Capcom;YES;-;NO;-;-
srumbler;The Speed Rumbler (set 1);1986;Capcom;YES;-;NO;-;-
3wonders;Three Wonders (wonder 3 910520 etc);1991;Capcom;YES;-;NO;-;-
tigeroad;Tiger Road (US);1987;Capcom;YES;-;NO;-;-
trojan;Trojan (US set 1);1986;Capcom;YES;-;NO;-;-
vhunt2;Vampire Hunter 2 - darkstalkers revenge (970929 Japan);1997;Capcom;YES;-;NO;-;-
vsav;Vampire Savior - the lord of vampire (970519 Euro);1997;Capcom;YES;-;NO;-;-
vsav2;Vampire Savior 2 - the lord of vampire (970913 Japan);1997;Capcom;YES;-;NO;-;-
varth;Varth - operation thunderstorm (920714 etc);1992;Capcom;YES;-;NO;-;-
vulgus;Vulgus (set 1);1984;Capcom;YES;-;NO;-;-
wof;Warriors of Fate (921031 etc);1992;Capcom;YES;-;NO;-;-
willow;Willow (World);1989;Capcom;YES;-;NO;-;-
xmcota;X-Men - children of the atom (950331 Euro);1995;Capcom;YES;-;NO;-;-
xmvsf;X-Men vs Street Fighter (961004 Euro);1996;Capcom;YES;-;NO;-;-
f1dream;F-1 Dream [Game is bugged, use the bootleg instead.];1988;Capcom (Romstar license);YES;-;NO;-;-
1944;1944 - the loop master (000620 USA);2000;Capcom / 8ing / Raizing;YES;-;NO;-;-
progear;Progear (010117 USA);2001;Capcom / Cave;YES;-;NO;-;-
mmatrix;Mars Matrix (000412 USA);2000;Capcom / Takumi;YES;-;NO;-;-
ddpdoj;DoDonPachi Dai-Ou-Jou (V101, Japan);2002;Cave / AMI;YES;-;NO;-;-
espgal;Espgaluda (V100, Japan);2003;CAVE / AMI;YES;-;NO;-;-
ket;Ketsui Kizuna Jigoku Tachi (Revision 2?, Japan);2002;CAVE / AMI;YES;-;NO;-;-
uopoko;Puzzle Uo Poko (International, ver. 98/02/06);1999;Cave / Jaleco;YES;-;NO;-;-
feversos;Fever SOS (International, ver. 98/09/25);1998;Cave / Nihon System inc.;YES;-;NO;-;-
aztarac;Aztarac [Vector graphics];1983;Centuri;YES;-;NO;-;-
hunchbak;Hunchback (set 1) [Parent set for working drivers];1983;Century Electronics;YES;-;NO;-;-
hero;Hero [Parent set for working drivers];1984;Century Electronics / Seatongrove Ltd;YES;-;NO;-;-
progress;Progress;1984;Chuo Co. Ltd;YES;-;NO;-;-
timelimt;Time Limit;1983;Chuo Co. Ltd;YES;-;NO;-;-
freeze;Freeze;1984;Cinematronics;YES;-;NO;-;-
jack;Jack the Giantkiller (set 1);1982;Cinematronics;YES;-;NO;-;-
zzyzzyxx;Zzyzzyxx (set 1);1982;Cinematronics + Advanced Microcomputer Systems;YES;-;NO;-;-
airattck;Air Attack (set 1);1996;Comad;YES;-;NO;-;-
bballs;Bouncing Balls;1991;Comad;YES;-;NO;-;-
fantsia2;Fantasia II (Explicit);1997;Comad;YES;-;NO;-;-
galspnbl;Gals Pinball;1996;Comad;YES;-;NO;-;-
gulfwar2;Gulf War II (set 1);1991;Comad;YES;-;NO;-;-
jumpkids;Jump Kids;1993;Comad;YES;-;NO;-;-
lvgirl94;Las Vegas Girl (Girl '94);1994;Comad;YES;-;NO;-;-
missw96;Miss World '96 (Nude) (set1);1996;Comad;YES;-;NO;-;-
pushman;Pushman (Korea, set 1);1990;Comad;YES;-;NO;-;-
ssmissin;S.S. Mission;1992;Comad;YES;-;NO;-;-
wownfant;WOW New Fantasia;2002;Comad;YES;-;NO;-;-
zerozone;Zero Zone;1993;Comad;YES;-;NO;-;-
hotpinbl;Hot Pinball;1995;Comad & New Japan System;YES;-;NO;-;-
fantasia;Fantasia (940429 PCB, set 1);1994;Comad / New Japan System;YES;-;NO;-;-
newfant;New Fantasia (1995 copyright);1995;Comad / New Japan System;YES;-;NO;-;-
supmodel;Super Model;1994;Comad / New Japan System;YES;-;NO;-;-
pnickj;Pnickies (940608 Japan);1994;Compile (Capcom license);YES;-;NO;-;-
atlantis;Battle of Atlantis (set 1);1981;Comsoft;YES;-;NO;-;-
cybertnk;Cyber Tank (v1.4);1988;Coreland;YES;-;NO;-;-
4dwarrio;4-D Warriors (315-5162);1985;Coreland / Sega;YES;-;NO;-;-
brain;Brain;1986;Coreland / Sega;YES;-;NO;-;-
bullfgt;Bullfight (315-5065);1984;Coreland / Sega;YES;-;NO;-;-
gardia;Gardia (317-0006);1986;Coreland / Sega;YES;-;NO;-;-
imsorry;I'm Sorry (315-5110, US);1985;Coreland / Sega;YES;-;NO;-;-
raflesia;Rafflesia (315-5162);1986;Coreland / Sega;YES;-;NO;-;-
swat;SWAT (315-5048);1984;Coreland / Sega;YES;-;NO;-;-
gyrodine;Gyrodine;1984;Crux;YES;-;NO;-;-
pprobe;Planet Probe (prototype?);1985;Crux / Kyugo?;YES;-;NO;-;-
mirax;Mirax (set 1);1985;Current Technologies;YES;-;NO;-;-
hexa;Hexa;199?;D. R. Korea;YES;-;NO;-;-
tetrsark;Tetris (D.R. Korea) [Wrong colors];198?;D.R. Korea;YES;-;NO;-;-
missw02;Miss World 2002;2002;Daigom;YES;-;NO;-;-
unsquad;U.N. Squadron (US);1989;Daipro / Capcom;YES;-;NO;-;-
sucasino;Super Casino;1984;Data Amusement;YES;-;NO;-;-
brubber;Burnin' Rubber;1982;Data East;YES;-;NO;-;-
chainrec;Chain Reaction (World, Version 2.2, 1995.09.25);1995;Data East;YES;-;NO;-;-
disco;Disco No.1;1982;Data East;YES;-;NO;-;-
joemacr;Joe & Mac Returns (World, Version 1.1, 1994.05.27);1994;Data East;YES;-;NO;-;-
actfancr;Act-Fancer Cybernetick Hyper Weapon (World revision 2);1989;Data East Corporation;YES;-;NO;-;-
bwings;B-Wings (Japan new Ver.);1984;Data East Corporation;YES;-;NO;-;-
backfire;Backfire! (set 1);1995;Data East Corporation;YES;-;NO;-;-
birdtry;Birdie Try (Japan);1988;Data East Corporation;YES;-;NO;-;-
boogwing;Boogie Wings (Euro v1.5, 92.12.07);1992;Data East Corporation;YES;-;NO;-;-
btime;Burger Time (Data East set 1);1982;Data East Corporation;YES;-;NO;-;-
csilver;Captain Silver (World);1987;Data East Corporation;YES;-;NO;-;-
cninja;Caveman Ninja (World ver 4);1991;Data East Corporation;YES;-;NO;-;-
chelnov;Chelnov - Atomic Runner (World);1988;Data East Corporation;YES;-;NO;-;-
chinatwn;China Town (Japan);1991;Data East Corporation;YES;-;NO;-;-
cobracom;Cobra-Command (World/US revision 5);1988;Data East Corporation;YES;-;NO;-;-
cbuster;Crude Buster (World FX version);1990;Data East Corporation;YES;-;NO;-;-
darkseal;Dark Seal (World revision 3);1990;Data East Corporation;YES;-;NO;-;-
darwin;Darwin 4078 (Japan);1986;Data East Corporation;YES;-;NO;-;-
dietgo;Diet Go Go (Euro v1.1 1992.09.26);1992;Data East Corporation;YES;-;NO;-;-
garyoret;Garyo Retsuden (Japan);1987;Data East Corporation;YES;-;NO;-;-
lnc;Lock'n'Chase;1981;Data East Corporation;YES;-;NO;-;-
mutantf;Mutant Fighter (World ver EM-5);1992;Data East Corporation;YES;-;NO;-;-
nitrobal;Nitro Ball (World, set 1);1992;Data East Corporation;YES;-;NO;-;-
nob;Noboranka (Japan);1986;Data East Corporation;YES;-;NO;-;-
pktgaldx;Pocket Gal Deluxe (Euro v3.00);1992;Data East Corporation;YES;-;NO;-;-
oscar;Psycho-Nics Oscar (World revision 0);1988;Data East Corporation;YES;-;NO;-;-
robocop;Robocop (World revision 4);1988;Data East Corporation;YES;-;NO;-;-
robocop2;Robocop 2 (Euro/Asia v0.10);1991;Data East Corporation;YES;-;NO;-;-
rohga;Rohga Armor Force (Asia/Europe v5.0);1991;Data East Corporation;YES;-;NO;-;-
secretag;Secret Agent (World revision 3);1989;Data East Corporation;YES;-;NO;-;-
sidepckt;Side Pocket (World);1986;Data East Corporation;YES;-;NO;-;-
supbtime;Super Burger Time (World, set 1);1990;Data East Corporation;YES;-;NO;-;-
srdarwin;Super Real Darwin (World);1987;Data East Corporation;YES;-;NO;-;-
edrandy;The Cliffhanger - Edward Randy (World ver 3);1990;Data East Corporation;YES;-;NO;-;-
thndzone;Thunder Zone (World, Rev 1);1991;Data East Corporation;YES;-;NO;-;-
triothep;Trio The Punch - Never Forget Me... (World);1989;Data East Corporation;YES;-;NO;-;-
tumblep;Tumble Pop (World);1991;Data East Corporation;YES;-;NO;-;-
vaportra;Vapor Trail - Hyper Offence Formation (World revision 1);1989;Data East Corporation;YES;-;NO;-;-
wizdfire;Wizard Fire (Over Sea v2.1);1992;Data East Corporation;YES;-;NO;-;-
wndrplnt;Wonder Planet (Japan);1987;Data East Corporation;YES;-;NO;-;-
zaviga;Zaviga;1984;Data East Corporation;YES;-;NO;-;-
bouldash;Boulder Dash / Boulder Dash Part 2 (World);1990;Data East Corporation (licensed from First Star);YES;-;NO;-;-
baddudes;Bad Dudes vs. Dragonninja (US);1988;Data East USA;YES;-;NO;-;-
brkthru;Break Thru (US);1986;Data East USA;YES;-;NO;-;-
hippodrm;Hippodrome (US);1989;Data East USA;YES;-;NO;-;-
karnov;Karnov (US, rev 6);1987;Data East USA;YES;-;NO;-;-
lastmisn;Last Mission (US revision 6);1986;Data East USA;YES;-;NO;-;-
lemmings;Lemmings (US prototype);1991;Data East USA;YES;-;NO;-;-
shackled;Shackled (US);1986;Data East USA;YES;-;NO;-;-
shootout;Shoot Out (US);1985;Data East USA;YES;-;NO;-;-
ghostb;The Real Ghostbusters (US 2 Players, revision 2);1987;Data East USA;YES;-;NO;-;-
zoar;Zoar [Sound issues..];1982;Data East USA;YES;-;NO;-;-
rockduck;Rock Duck (prototype?) [incorrect colors];1983;Datel SAS;YES;-;NO;-;-
karianx;Karian Cross (Rev. 1.0);1996;Deniam;YES;-;NO;-;-
logicpro;Logic Pro (Japan);1996;Deniam;YES;-;NO;-;-
logicpr2;Logic Pro 2 (Japan);1997;Deniam;YES;-;NO;-;-
tdpgal;Triple Draw Poker [Bootleg];1983;Design Labs / Thomas Automatics;YES;-;NO;-;-
unclepoo;Uncle Poo;1983;Diatec;YES;-;NO;-;-
eyes;Eyes (Digitrex Techstar);1982;Digitrex Techstar (Rock-ola license);YES;-;NO;-;-
pangpang;Pang Pang;1994;Dong Gue La Mi Ltd.;YES;-;NO;-;-
gotcha;Got-cha Mini Game Festival;1997;Dongsung;YES;-;NO;-;-
bluehawk;Blue Hawk;1993;Dooyong;YES;-;NO;-;-
flytiger;Flying Tiger (set 1);1992;Dooyong;YES;-;NO;-;-
gulfstrm;Gulf Storm (set 1);1991;Dooyong;YES;-;NO;-;-
gundl94;Gun Dealer '94;1994;Dooyong;YES;-;NO;-;-
pollux;Pollux (set 1);1991;Dooyong;YES;-;NO;-;-
popbingo;Pop Bingo;1996;Dooyong;YES;-;NO;-;-
rshark;R-Shark;1995;Dooyong;YES;-;NO;-;-
lastday;The Last Day (set 1);1990;Dooyong;YES;-;NO;-;-
sadari;Sadari;1993;Dooyong (NTC license);YES;-;NO;-;-
superx;Super-X (NTC);1994;Dooyong (NTC license);YES;-;NO;-;-
mastkin;The Masters of Kin [Colors are wrong];1988;Du Tech;YES;-;NO;-;-
buccanrs;Buccaneers (set 1);1989;Duintronic;YES;-;NO;-;-
bigbucks;Big Bucks;1986;Dynasoft Inc.;YES;-;NO;-;-
hotshock;Hot Shocker;1982;E.G. Felaco (Domino license);YES;-;NO;-;-
ballbros;Balloon Brothers;1992;East Technology;YES;-;NO;-;-
gigandes;Gigandes;1989;East Technology;YES;-;NO;-;-
kyustrkr;Last Striker / Kyuukyoku no Striker;1989;East Technology;YES;-;NO;-;-
selfeena;Sel Feena;1991;East Technology;YES;-;NO;-;-
hoccer;Hoccer (set 1);1983;Eastern Micro Electronics, Inc.;YES;-;NO;-;-
bbakraid;Battle Bakraid - Unlimited Version (U.S.A.) (Tue Jun 8 1999);1999;Eighting;YES;-;NO;-;-
quiz18k;Miyasu Nonki no Quiz 18-Kin;1992;EIM;YES;-;NO;-;-
jjparads;Jan Jan Paradise;1996;Electro Design;YES;skns;NO;-;-
jjparad2;Jan Jan Paradise 2;1997;Electro Design;YES;skns;NO;-;-
teljan;Tel Jan;1999;Electro Design;YES;skns;NO;-;-
ryouran;VS Mahjong Otome Ryouran;1998;Electro Design;YES;skns;NO;-;-
diverboy;Diver Boy;1992;Electronic Devices Italy;YES;-;NO;-;-
fantland;Fantasy Land (set 1);19??;Electronic Devices Italy;YES;-;NO;-;-
galaxygn;Galaxy Gunners [No Sound.];1989;Electronic Devices Italy;YES;-;NO;-;-
mugsmash;Mug Smashers;1990?;Electronic Devices Italy / 3D Games England;YES;-;NO;-;-
stlforce;Steel Force;1994;Electronic Devices Italy / Ecogames S.L. Spain;YES;-;NO;-;-
mwarr;Mighty Warriors;199?;Elettronica Video-Games S.R.L.;YES;-;NO;-;-
twinbrat;Twin Brats (set 1);1995;Elettronica Video-Games S.R.L.;YES;-;NO;-;-
redrobin;Red Robin;1986;Elettronolo;YES;-;NO;-;-
trvmstr;Trivia Master (set 1);1985;Enerdyne Technologies Inc.;YES;-;NO;-;-
bwcasino;Boardwalk Casino;1983;EPOS Corporation;YES;-;NO;-;-
drakton;Drakton (DK conversion) [No sound];1984;Epos Corporation;YES;-;NO;-;-
eeekk;Eeekk!;1984;Epos Corporation;YES;-;NO;-;-
igmo;IGMO [Incorrect Colors];1984;Epos Corporation;YES;-;NO;-;-
revngr84;Revenger '84 (set 1);1984;Epos Corporation;YES;-;NO;-;-
suprglob;Super Glob;1983;Epos Corporation;YES;-;NO;-;-
dealer;The Dealer [Incorrect Colors];198?;Epos Corporation;YES;-;NO;-;-
megadon;Megadon;1982;Epos Corporation (Photar Industries License);YES;-;NO;-;-
deluxe5;Deluxe 5 (ver. 0107, 07/01/2000, set 1);2000;ESD;YES;-;NO;-;-
hedpanic;Head Panic (ver. 0117, 17/01/2000) [Story line & game instructions in English];2000;ESD;YES;-;NO;-;-
jumppop;Jumping Pop (set 1);2001;ESD;YES;-;NO;-;-
multchmp;Multi Champ (World);1999;ESD;YES;-;NO;-;-
mchampdx;Multi Champ Deluxe (ver. 0106, 06/01/2000);2000;ESD;YES;-;NO;-;-
swatpolc;SWAT Police;2001;ESD;YES;-;NO;-;-
tangtang;Tang Tang (ver. 0526, 26/05/2000);2000;ESD;YES;-;NO;-;-
aquarium;Aquarium (US);1996;Excellent System;YES;-;NO;-;-
vmetal;Varia Metal;1995;Excellent System;YES;-;NO;-;-
bestri;Bestri (Korea);1998;F2 System;YES;-;NO;-;-
crospang;Cross Pang;1998;F2 System;YES;-;NO;-;-
mgakuen2;Mahjong Gakuen 2 Gakuen-chou no Fukushuu;1989;Face;YES;-;NO;-;-
nost;Nostradamus;1993;Face;YES;-;NO;-;-
sandscrp;Sand Scorpion;1992;Face;YES;-;NO;-;-
dorodon;Dorodon (set 1);1982;Falcon;YES;-;NO;-;-
metlsavr;Metal Saver;1994;First Amusement;YES;-;NO;-;-
fball;Fire Ball (FM Work) [Black Bar on the left side is normal.];1992;FM Work;YES;-;NO;-;-
alinvade;Alien Invaders [preliminary sound];198?;Forbes?;YES;-;NO;-;-
asurabld;Asura Blade - Sword of Dynasty (Japan);1998;Fuuki;YES;-;NO;-;-
asurabus;Asura Buster - Eternal Warriors (Japan);2000;Fuuki;YES;-;NO;-;-
pbancho;Gyakuten!! Puzzle Bancho (Japan);1996;Fuuki;YES;-;NO;-;-
gogomile;Susume! Mile Smile / Go Go! Mile Smile (newer);1995;Fuuki;YES;-;NO;-;-
loverboy;Lover Boy;1983;G.T Enterprise Inc;YES;-;NO;-;-
aligator;Alligator Hunt [Play the unprotected clone, instead!];1994;Gaelco;YES;-;NO;-;-
bigkarnk;Big Karnak;1991;Gaelco;YES;-;NO;-;-
biomtoy;Biomechanical Toy (Ver. 1.0.1885);1995;Gaelco;YES;-;NO;-;-
maniacsq;Maniac Square (unprotected);1996;Gaelco;YES;-;NO;-;-
snowboar;Snow Board Championship (Version 2.1);1994;Gaelco;YES;-;NO;-;-
squash;Squash (Ver. 1.0);1992;Gaelco;YES;-;NO;-;-
thoop;Thunder Hoop (Ver. 1);1992;Gaelco;YES;-;NO;-;-
touchgo;Touch & Go (World);1995;Gaelco;YES;-;NO;-;-
wrally;World Rally (Version 1.0, Checksum 0E56);1993;Gaelco;YES;-;NO;-;-
xorworld;Xor World (prototype);1990;Gaelco;YES;-;NO;-;-
darktowr;Dark Tower;1992;Game Room;YES;-;NO;-;-
suprtrio;Super Trio;1994;Gameace;YES;-;NO;-;-
joinem;Joinem;1986;Global Corporation;YES;-;NO;-;-
mplanets;Mad Planets;1983;Gottlieb;YES;-;NO;-;-
qbert;Q*bert (US set 1);1982;Gottlieb;YES;-;NO;-;-
striv;Super Triv [No sound];1985;Hara Industries;YES;-;NO;-;-
himesiki;Himeshikibu (Japan);1989;Hi-Soft;YES;-;NO;-;-
hangzo;Hangzo (Japan, prototype) [Prototype];1992;Hot-B;YES;-;NO;-;-
schmeisr;Schmeiser Robo (Japan);1993;Hot-B;YES;-;NO;-;-
cubybop;Cuby Bop (location test);199?;Hot-B Co., Ltd.;YES;-;NO;-;-
palamed;Palamedes (US);1990;Hot-B Co., Ltd.;YES;-;NO;-;-
plgirls;Play Girls;1992;Hot-B Co., Ltd.;YES;-;NO;-;-
plgirls2;Play Girls 2;1993;Hot-B Co., Ltd.;YES;-;NO;-;-
blzntrnd;Blazing Tornado;1994;Human Amusement;YES;-;NO;-;-
4enraya;4 En Raya (set 1);1990;IDSA;YES;-;NO;-;-
aliencha;Alien Challenge (World) [Imperfect sound];1994;IGS;YES;-;NO;-;-
ddp2;Bee Storm - DoDonPachi II (V102, World);2001;IGS;YES;pgm;NO;-;-
dmnfrnt;Demon Front (V105);2002;IGS;YES;pgm;NO;-;-
drgw2;Dragon World II (V110X, World);1997;IGS;YES;pgm;NO;-;-
happy6;Happy 6-in-1 (V102 - V101MK, China);2004;IGS;YES;pgm;NO;-;-
kov;Knights of Valour - Sangoku Senki (V117);1999;IGS;YES;pgm;NO;-;-
kov2;Knights of Valour 2 (V107, 102, 100, Hong Kong);2000;IGS;YES;pgm;NO;-;-
kov2p;Knights of Valour 2 Plus - Nine Dragons (VM205XX, China);2001;IGS;YES;pgm;NO;-;-
kovplus;Knights of Valour Plus - Sangoku Senki Plus (V119);1999;IGS;YES;pgm;NO;-;-
kovshp;Knights of Valour Super Heroes Plus / Sangoku Senki Super Heroes Plus (ver. 101) [Imperfect Protection Emulation];2004;IGS;YES;pgm;NO;-;-
kovsh;Knights of Valour Superheroes / Sangoku Senki Superheroes (V104, China);1999;IGS;YES;pgm;NO;-;-
kovytzy;Knights of Valour: Yi Tong Zhong Yuan / Sangoku Senki: Yi Tong Zhong Yuan (ver. 201, China) [Imperfect Protection Emulation];1999;IGS;YES;pgm;NO;-;-
martmast;Martial Masters (V104, 102, 102, USA);2001;IGS;YES;pgm;NO;-;-
orlegend;Oriental Legend - Xi Yo Gi Shi Re Zuang (V126);1997;IGS;YES;pgm;NO;-;-
oldsplus;Oriental Legend Special Plus / Xi You Shi E Zhuan Super Plus (ver. 205) [Incomplete Dump];2004;IGS;YES;pgm;NO;-;-
olds;Oriental Legend Super (V101, Korea) [Imperfect Protection Emulation];1999;IGS;YES;pgm;NO;-;-
photoy2k;Photo Y2K / Real and Fake (V105);1999;IGS;YES;pgm;NO;-;-
puzlstar;Puzzle Star (V100MG) [Incomplete dump];1999;IGS;YES;pgm;NO;-;-
puzzli2;Puzzli 2 (V100) [Incomplete dump];1999;IGS;YES;pgm;NO;-;-
svg;S.V.G. - Spectral vs Generation (V200, China);2005;IGS;YES;pgm;NO;-;-
theglad;The Gladiator - Road Of The Sword / Shen Jian (V101) [Incomplete Dump];2003;IGS;YES;pgm;NO;-;-
killbld;The Killing Blade (V109, China);1998;IGS;YES;pgm;NO;-;-
killbldp;The Killing Blade Plus (V300);2005;IGS;YES;pgm;NO;-;-
dw2001;Dragon World 2001 (V100, Japan) [Bad sound?];2001;IGS (Alta Co., LTD License);YES;pgm;NO;-;-
dwpc;Dragon World Pretty Chance (V101, Japan) [Bad sound?];2001;IGS (Alta Co., LTD License);YES;pgm;NO;-;-
funybubl;Funny Bubble;1999;In Chang Electronic Co;YES;-;NO;-;-
capbowl;Capcom Bowling (set 1);1988;Incredible Technologies / Capcom;YES;-;NO;-;-
wheelrun;Wheels Runner;19??;International Games;YES;-;NO;-;-
egghunt;Egg Hunt;1995;Invi Image;YES;-;NO;-;-
airass;Air Assault (World);1993;Irem;YES;-;NO;-;-
airduel;Air Duel (World, M82-A-A + M82-B-A);1990;Irem;YES;-;NO;-;-
bchopper;Battle Chopper;1987;Irem;YES;-;NO;-;-
bmaster;Blade Master (World);1991;Irem;YES;-;NO;-;-
bbmanw;Bomber Man World / New Dyna Blaster - Global Quest;1992;Irem;YES;-;NO;-;-
cosmccop;Cosmic Cop (World);1991;Irem;YES;-;NO;-;-
dbreed;Dragon Breed (M81 PCB version);1989;Irem;YES;-;NO;-;-
gunforce;Gunforce - Battle Fire Engulfed Terror Island (World);1991;Irem;YES;-;NO;-;-
gunforc2;Gunforce 2 (US);1994;Irem;YES;-;NO;-;-
hharry;Hammerin' Harry (World);1990;Irem;YES;-;NO;-;-
hasamu;Hasamu (Japan);1991;Irem;YES;-;NO;-;-
hook;Hook (World);1992;Irem;YES;-;NO;-;-
horizon;Horizon;1985;Irem;YES;-;NO;-;tr606drumkit
imgfight;Image Fight (Japan, revision A);1988;Irem;YES;-;NO;-;-
inthunt;In The Hunt (World);1993;Irem;YES;-;NO;-;-
kidniki;Kid Niki - Radical Ninja (World);1986;Irem;YES;-;NO;-;tr606drumkit
kungfum;Kung-Fu Master;1984;Irem;YES;-;NO;-;-
loht;Legend of Hero Tonma;1989;Irem;YES;-;NO;-;-
lethalth;Lethal Thunder (World);1991;Irem;YES;-;NO;-;-
ltswords;Lightning Swords;1991;Irem;YES;-;NO;-;-
majtitle;Major Title (World) [Graphics issues];1990;Irem;YES;-;NO;-;-
majtitl2;Major Title 2 (World);1992;Irem;YES;-;NO;-;-
kikcubic;Meikyu Jima (Japan);1988;Irem;YES;-;NO;-;-
mysticri;Mystic Riders (World);1992;Irem;YES;-;NO;-;-
nbbatman;Ninja Baseball Batman (World);1993;Irem;YES;-;NO;-;-
nspirit;Ninja Spirit;1988;Irem;YES;-;NO;-;-
quizf1;Quiz F1 1-2 Finish (Japan);1992;Irem;YES;-;NO;-;-
rtype;R-Type (World);1987;Irem;YES;-;NO;-;-
rtype2;R-Type II;1989;Irem;YES;-;NO;-;-
rtypeleo;R-Type Leo (World);1992;Irem;YES;-;NO;-;-
riskchal;Risky Challenge [Unemulated CPU functions];1993;Irem;YES;-;NO;-;-
battroad;The Battle-Road;1984;Irem;YES;-;NO;-;tr606drumkit
travrusa;Traverse USA / Zippy Race;1983;Irem;YES;-;NO;-;-
uccops;Undercover Cops (World);1992;Irem;YES;-;NO;-;-
uniwars;UniWar S;1980;Irem;YES;-;NO;-;-
vigilant;Vigilante (World, Rev E);1988;Irem;YES;-;NO;-;-
wilytowr;Wily Tower;1984;Irem;YES;-;NO;-;-
xmultipl;X Multiply (World, M81);1989;Irem;YES;-;NO;-;-
youjyudn;Youjyuden (Japan);1986;Irem;YES;-;NO;-;-
dsoccr94;Dream Soccer '94 (World, M107 hardware);1994;Irem (Data East Corporation license);YES;-;NO;-;-
ldrun;Lode Runner (set 1);1984;Irem (licensed from Broderbund);YES;-;NO;-;-
ldrun2;Lode Runner II - The Bungeling Strikes Back;1984;Irem (licensed from Broderbund);YES;-;NO;-;-
ldrun3;Lode Runner III - The Golden Labyrinth;1985;Irem (licensed from Broderbund);YES;-;NO;-;-
ldrun4;Lode Runner IV - Teikoku Karano Dasshutsu;1986;Irem (licensed from Broderbund);YES;-;NO;-;-
spelunkr;Spelunker;1985;Irem (licensed from Broderbund);YES;-;NO;-;tr606drumkit
spelunk2;Spelunker II - 23 no Kagi (Japan);1986;Irem (licensed from Broderbund);YES;-;NO;-;tr606drumkit
dynablst;Dynablaster / Bomber Man;1991;Irem (licensed from Hudson Soft);YES;-;NO;-;-
lotlot;Lot Lot;1985;Irem (licensed from Tokuma Shoten);YES;-;NO;-;-
ssoldier;Superior Soldiers (US);1993;Irem America;YES;-;NO;-;-
shinfz;Shinobi / FZ-2006 (Korean System 16 bootleg) (ISG Selection Master Type 2006);2006;ISG;YES;isgsm;NO;-;-
tetrbx;Tetris / Bloxeed (Korean System 16 bootleg) (ISG Selection Master Type 2006);2006;ISG;YES;isgsm;NO;-;-
64street;64th. Street - A Detective Story (World);1991;Jaleco;YES;-;NO;-;-
avspirit;Avenging Spirit;1991;Jaleco;YES;-;NO;-;-
bigstrik;Big Striker;1992;Jaleco;YES;-;NO;-;-
chameleo;Chameleon;1983;Jaleco;YES;-;NO;-;-
chimerab;Chimera Beast (prototype);1993;Jaleco;YES;-;NO;-;-
citycon;City Connection (set 1);1985;Jaleco;YES;-;NO;-;-
cybattlr;Cybattler;1993;Jaleco;YES;-;NO;-;-
edf;E.D.F. : Earth Defense Force (set 1);1991;Jaleco;YES;-;NO;-;-
formatz;Formation Z;1984;Jaleco;YES;-;NO;-;-
ginganin;Ginga NinkyouDen (set 1);1987;Jaleco;YES;-;NO;-;-
hachoo;Hachoo!;1989;Jaleco;YES;-;NO;-;-
hayaosi1;Hayaoshi Quiz Ouza Ketteisen - The King Of Quiz;1993;Jaleco;YES;-;NO;-;-
jitsupro;Jitsuryoku!! Pro Yakyuu (Japan);1989;Jaleco;YES;-;NO;-;-
kickoff;Kick Off (Japan);1988;Jaleco;YES;-;NO;-;-
lomakai;Legend of Makai (World);1988;Jaleco;YES;-;NO;-;-
momoko;Momoko 120% (Japanese text);1986;Jaleco;YES;-;NO;-;-
naughtyb;Naughty Boy;1982;Jaleco;YES;-;NO;-;-
kazan;Ninja Kazan (World);1988;Jaleco;YES;-;NO;-;-
p47;P-47 - The Phantom Fighter (World);1988;Jaleco;YES;-;NO;-;-
pturn;Parallel Turn;1984;Jaleco;YES;-;NO;-;-
peekaboo;Peek-a-Boo!;1993;Jaleco;YES;-;NO;-;-
pinbo;Pinbo (set 1);1984;Jaleco;YES;-;NO;-;-
plusalph;Plus Alpha;1989;Jaleco;YES;-;NO;-;-
popflame;Pop Flamer (protected);1982;Jaleco;YES;-;NO;-;-
psychic5;Psychic 5 (World);1987;Jaleco;YES;-;NO;-;-
rockn3;Rock'n 3 (Japan);1999;Jaleco;YES;-;NO;-;-
rockn;Rock'n Tread (Japan);1999;Jaleco;YES;-;NO;-;-
rockn2;Rock'n Tread 2 (Japan);1999;Jaleco;YES;-;NO;-;-
rodland;Rod-Land (World);1990;Jaleco;YES;-;NO;-;-
stdragon;Saint Dragon (set 1);1989;Jaleco;YES;-;NO;-;-
tshingen;Shingen Samurai-Fighter (Japan, English) [Game crashes in level 2, play tshingena instead!];1988;Jaleco;YES;-;NO;-;-
soldam;Soldam;1992;Jaleco;YES;-;NO;-;-
astyanax;The Astyanax;1989;Jaleco;YES;-;NO;-;-
skyfox;Sky Fox;1987;Jaleco (Nichibutsu USA license);YES;-;NO;-;-
wwjgtin;Wai Wai Jockey Gate-In!;1984;Jaleco / Casio;YES;-;NO;-;-
rockn4;Rock'n 4 (Japan, prototype);2000;Jaleco / PCCWJ;YES;-;NO;-;-
tetrisp2;Tetris Plus 2 (World);1997;Jaleco / The Tetris Company;YES;-;NO;-;-
finalttr;Final Tetris;1993;Jeil Computer System;YES;-;NO;-;-
bongo;Bongo;1983;Jetsoft;YES;-;NO;-;-
cavelon;Cavelon;1983;Jetsoft;YES;-;NO;-;-
kaitei;Kaitei Takara Sagashi [Freezes up, use kaitein instead!];1980;K.K. Tokki;YES;-;NO;-;-
4in1boot;Puzzle King [Bootleg];2002;K1 Soft;YES;-;NO;-;-
gtmr;1000 Miglia: Great 1000 Miles Rally (94/07/18);1994;Kaneko;YES;-;NO;-;-
bonkadv;B.C. Kid / Bonk's Adventure / Kyukyoku!! PC Genjin;1994;Kaneko;YES;-;NO;-;-
brapboys;B.Rap Boys (World);1992;Kaneko;YES;-;NO;-;-
bloodwar;Blood Warrior;1994;Kaneko;YES;-;NO;-;-
boggy84;Boggy '84;1983;Kaneko;YES;-;NO;-;-
cyvern;Cyvern (US);1998;Kaneko;YES;skns;NO;-;-
explbrkr;Explosive Breaker;1992;Kaneko;YES;-;NO;-;-
flyboy;Fly-Boy;1982;Kaneko;YES;-;NO;-;-
galpanic;Gals Panic (Unprotected);1990;Kaneko;YES;-;NO;-;-
galpani4;Gals Panic 4 (Japan);1996;Kaneko;YES;skns;NO;-;-
galpanis;Gals Panic S - Extra Edition (Europe);1997;Kaneko;YES;skns;NO;-;-
galpans2;Gals Panic S2 (Europe);1999;Kaneko;YES;skns;NO;-;-
galpans3;Gals Panic S3 (Japan);2002;Kaneko;YES;skns;NO;-;-
jchan;Jackie Chan - The Kung-Fu Master;1995;Kaneko;YES;-;NO;-;-
jchan2;Jackie Chan in Fists of Fire;1995;Kaneko;YES;-;NO;-;-
jumpcoas;Jump Coaster;1983;Kaneko;YES;-;NO;-;-
mgcrystl;Magical Crystals (World, 92/01/10);1991;Kaneko;YES;-;NO;-;-
gtmr2;Mille Miglia 2: Great 1000 Miles Rally (95/05/24);1995;Kaneko;YES;-;NO;-;-
packbang;Pack'n Bang Bang (Prototype);1994;Kaneko;YES;-;NO;-;-
panicstr;Panic Street (Japan);1999;Kaneko;YES;skns;NO;-;-
shogwarr;Shogun Warriors (World);1992;Kaneko;YES;-;NO;-;-
berlwall;The Berlin Wall;1991;Kaneko;YES;-;NO;-;-
vsgongf;VS Gong Fight;1984;Kaneko;YES;-;NO;-;-
djboy;DJ Boy (set 1);1989;Kaneko (American Sammy license);YES;-;NO;-;-
airbustr;Air Buster: Trouble Specialty Raid Unit (World);1990;Kaneko (Namco license);YES;-;NO;-;-
fightrol;Fighting Roller;1983;Kaneko (Taito license);YES;-;NO;-;-
gutsn;Guts'n (Japan);2000;Kaneko / Kouyousha;YES;skns;NO;-;-
senknow;Sen-Know (Japan);1999;Kaneko / Kouyousha;YES;skns;NO;-;-
vblokbrk;VS Block Breaker (Europe);1997;Kaneko / Mediaworks;YES;skns;NO;-;-
yamagchi;Go Go Mr. Yamaguchi / Yuke Yuke Yamaguchi-kun;1985;Kaneko / Taito;YES;-;NO;-;-
hvyunit;Heavy Unit (World);1988;Kaneko / Taito;YES;-;NO;-;-
ladymstr;Lady Master of Kung Fu;1985;Kaneko / Taito;YES;-;NO;-;-
tsamurai;Samurai Nihon-Ichi (set 1);1985;Kaneko / Taito;YES;-;NO;-;-
sengekis;Sengeki Striker (Asia);1997;Kaneko / Warashi;YES;skns;NO;-;-
diamond;Diamond Run;1985;KH Video;YES;-;NO;-;-
mrjong;Mr. Jong (Japan);1983;Kiwako;YES;-;NO;-;-
triplep;Triple Punch (set 1);1982;KKI;YES;-;NO;-;-
88games;'88 Games;1988;Konami;YES;-;NO;-;-
ajax;Ajax;1987;Konami;YES;-;NO;-;-
aliens;Aliens (World set 1);1990;Konami;YES;-;NO;-;-
amidar;Amidar;1981;Konami;YES;-;NO;-;-
asterix;Asterix (ver EAD);1992;Konami;YES;-;NO;-;-
battlnts;Battlantis (program code G);1987;Konami;YES;-;NO;-;-
blswhstl;Bells & Whistles (World, version L);1991;Konami;YES;-;NO;-;-
bishi;Bishi Bashi Championship Mini Game Senshuken (ver JAA, 3 Players) [Imperfect gfx (one gfx rom bad, bad priorities)];1996;Konami;YES;-;NO;-;-
blkpnthr;Black Panther;1987;Konami;YES;-;NO;-;-
bladestl;Blades of Steel (version T);1987;Konami;YES;-;NO;-;-
blockhl;Block Hole;1989;Konami;YES;-;NO;-;-
bottom9;Bottom of the Ninth (ver. T);1989;Konami;YES;-;NO;-;-
bucky;Bucky O'Hare (ver EAB);1992;Konami;YES;-;NO;-;-
chqflag;Chequered Flag;1988;Konami;YES;-;NO;-;-
circusc;Circus Charlie (level select, set 1);1984;Konami;YES;-;NO;-;-
citybomb;City Bomber (World);1987;Konami;YES;-;NO;-;-
contra;Contra (US / Asia, set 1);1987;Konami;YES;-;NO;-;-
crimfght;Crime Fighters (World 2 players);1989;Konami;YES;-;NO;-;-
cuebrick;Cue Brick (World, version D);1989;Konami;YES;-;NO;-;-
devstors;Devastators (ver. Z) [Minor Video glitches in level 2.];1988;Konami;YES;-;NO;-;-
devilw;Devil World;1987;Konami;YES;-;NO;-;-
esckids;Escape Kids (Asia, 4 Players);1991;Konami;YES;-;NO;-;-
finalizr;Finalizer - Super Transformation;1985;Konami;YES;-;NO;-;-
frogger;Frogger;1981;Konami;YES;-;NO;-;-
gijoe;G.I. Joe (World, EAB, set 1);1992;Konami;YES;-;NO;-;-
gaiapols;Gaiapolis (ver EAF);1993;Konami;YES;-;NO;-;-
gwarrior;Galactic Warriors;1985;Konami;YES;-;NO;-;-
gbusters;Gang Busters (set 1);1988;Konami;YES;-;NO;-;-
gradius3;Gradius III (World, program code R);1989;Konami;YES;-;NO;-;-
gberet;Green Beret;1985;Konami;YES;-;NO;-;-
gyruss;Gyruss (Konami);1983;Konami;YES;-;NO;-;-
hcastle;Haunted Castle (ver. M);1988;Konami;YES;-;NO;-;-
hexion;Hexion (Japan ver. JAB);1992;Konami;YES;-;NO;-;-
hcrash;Hyper Crash (version D);1987;Konami;YES;-;NO;-;-
ironhors;Iron Horse;1986;Konami;YES;-;NO;-;-
jackal;Jackal (World, 8-way Joystick);1986;Konami;YES;-;NO;-;-
jailbrek;Jail Break;1986;Konami;YES;-;NO;-;-
jungler;Jungler;1981;Konami;YES;-;NO;-;-
junofrst;Juno First;1983;Konami;YES;-;NO;-;-
kicker;Kicker;1985;Konami;YES;-;NO;-;-
kittenk;Kitten Kaboodle;1988;Konami;YES;-;NO;-;-
konamigt;Konami GT;1985;Konami;YES;-;NO;-;-
kontest;Konami Test Board (GX800, Japan);1987?;Konami;YES;-;NO;-;-
pingpong;Konami's Ping-Pong;1985;Konami;YES;-;NO;-;-
lgtnfght;Lightning Fighters (World);1990;Konami;YES;-;NO;-;-
mia;M.I.A. - Missing in Action (version T);1989;Konami;YES;-;NO;-;-
mtlchamp;Martial Champion (ver EAB) [Missing Graphics on Intro/Title screens];1993;Konami;YES;-;NO;-;-
megazone;Mega Zone (Konami set 1);1983;Konami;YES;-;NO;-;-
metamrph;Metamorphic Force (ver EAA);1993;Konami;YES;-;NO;-;-
mikie;Mikie;1984;Konami;YES;-;NO;-;-
mogura;Mogura Desse [Konami test board];1991;Konami;YES;-;NO;-;-
mmaulers;Monster Maulers (ver EAA);1993;Konami;YES;-;NO;-;-
mrgoemon;Mr. Goemon (Japan);1986;Konami;YES;-;NO;-;-
mystwarr;Mystic Warriors (ver EAA);1993;Konami;YES;-;NO;-;-
nemesis;Nemesis (ROM version);1985;Konami;YES;-;NO;-;-
parodius;Parodius DA! (World, set 1);1990;Konami;YES;-;NO;-;-
pooyan;Pooyan;1982;Konami;YES;-;NO;-;-
punkshot;Punk Shot (US 4 Players);1990;Konami;YES;-;NO;-;-
qgakumon;Quiz Gakumon no Susume (Japan ver. JA2 Type L);1993;Konami;YES;-;NO;-;-
rackemup;Rack 'em Up (program code L);1987;Konami;YES;-;NO;-;-
roadf;Road Fighter (set 1);1984;Konami;YES;-;NO;-;-
rocnrope;Roc'n Rope;1983;Konami;YES;-;NO;-;-
rockrage;Rock'n Rage (World);1986;Konami;YES;-;NO;-;-
rollerg;Rollergames (US);1991;Konami;YES;-;NO;-;-
spy;S.P.Y. - Special Project Y (World ver. N);1989;Konami;YES;-;NO;-;-
salamand;Salamander (version D);1986;Konami;YES;-;NO;-;-
scotrsht;Scooter Shooter;1985;Konami;YES;-;NO;-;-
scramble;Scramble;1981;Konami;YES;-;NO;-;-
stratgyx;Strategy X;1981;Konami;YES;-;NO;-;-
ssriders;Sunset Riders (4 Players ver. EAC);1991;Konami;YES;-;NO;-;-
sbishi;Super Bishi Bashi Championship (ver JAA, 2 Players) [Imperfect gfx (bad priorities)];1998;Konami;YES;-;NO;-;-
scobra;Super Cobra;1981;Konami;YES;-;NO;-;-
scontra;Super Contra;1988;Konami;YES;-;NO;-;-
suratk;Surprise Attack (World ver. K);1990;Konami;YES;-;NO;-;-
tmnt;Teenage Mutant Ninja Turtles (World 4 Players, version X);1989;Konami;YES;-;NO;-;-
tmnt2;Teenage Mutant Ninja Turtles - Turtles in Time (4 Players ver. UAA);1991;Konami;YES;-;NO;-;-
theend;The End;1980;Konami;YES;-;NO;-;-
fround;The Final Round (ver. M);1988;Konami;YES;-;NO;-;-
mainevt;The Main Event (4 Players ver. Y);1988;Konami;YES;-;NO;-;-
simpsons;The Simpsons (4 Players World, set 1);1991;Konami;YES;-;NO;-;-
thunderx;Thunder Cross (set 1);1988;Konami;YES;-;NO;-;-
thndrx2;Thunder Cross II (World);1991;Konami;YES;-;NO;-;-
timeplt;Time Pilot;1982;Konami;YES;-;NO;-;-
tp84;Time Pilot '84 (set 1);1984;Konami;YES;-;NO;-;-
trackfld;Track & Field;1983;Konami;YES;-;NO;-;-
tricktrp;Trick Trap (World?) [Graphics issues in the ending credits.];1987;Konami;YES;-;NO;-;-
twinbee;TwinBee (ROM version);1985;Konami;YES;-;NO;-;-
vendetta;Vendetta (World, 4 Players ver. T);1991;Konami;YES;-;NO;-;-
hustler;Video Hustler;1981;Konami;YES;-;NO;-;-
viostorm;Violent Storm (ver EAC);1993;Konami;YES;-;NO;-;-
vulcan;Vulcan Venture (New);1988;Konami;YES;-;NO;-;-
moomesa;Wild West C.O.W.-Boys of Moo Mesa (ver EAB);1992;Konami;YES;-;NO;-;-
xmen;X-Men (4 Players ver UBB);1992;Konami;YES;-;NO;-;-
xexex;Xexex (ver EAA);1991;Konami;YES;-;NO;-;-
yiear;Yie Ar Kung-Fu (program code I);1985;Konami;YES;-;NO;-;-
hyperspt;Hyper Sports;1984;Konami (Centuri license);YES;-;NO;-;-
locomotn;Loco-Motion;1982;Konami (Centuri license);YES;-;NO;-;-
tactcian;Tactician (set 1);1982;Konami (Sega license);YES;-;NO;-;-
turtles;Turtles;1981;Konami (Stern license);YES;-;NO;-;-
pandoras;Pandora's Palace;1984;Konami / Interlogic;YES;-;NO;-;-
crush;Crush Roller (Kural Samno);1981;Kural Samno Electric;YES;-;NO;-;-
ckong;Crazy Kong;1981;Kyoei / Falcon;YES;-;NO;-;-
airwolf;Airwolf;1987;Kyugo;YES;-;NO;-;-
zigzagb;Zig Zag (Galaxian hardware, set 1);1982;LAX;YES;-;NO;-;-
mj4simai;Wakakusamonogatari Mahjong Yonshimai (Japan);1996;Maboroshi Ware;YES;-;NO;-;-
birdiy;Birdiy;1982;Mama Top;YES;-;NO;-;-
hotdogst;Hotdog Storm - The First Supersonics (International);1996;Marble / ACE International;YES;-;NO;-;-
balcube;Bal Cube;1996;Metro;YES;-;NO;-;-
daitorid;Daitoride;1995;Metro;YES;-;NO;-;-
dharma;Dharma Doujou;1994;Metro;YES;-;NO;-;-
gunmast;Gun Master;1994;Metro;YES;-;NO;-;-
lastfort;Last Fortress - Toride;1994;Metro;YES;-;NO;-;-
msgogo;Mouse Shooter GoGo;1995;Metro;YES;-;NO;-;-
pangpoms;Pang Pom's;1992;Metro;YES;-;NO;-;-
skyalert;Sky Alert;1992;Metro;YES;-;NO;-;-
toride2g;Toride II Adauchi Gaiden;1994;Metro;YES;-;NO;-;-
poitto;Poitto!;1993;Metro / Able Corp.;YES;-;NO;-;-
pururun;Pururun;1995;Metro / Banpresto;YES;-;NO;-;-
puzzli;Puzzli;1995;Metro / Banpresto;YES;-;NO;-;-
ad2083;A.D. 2083 [Incomplete Sound];1983;Midcoin;YES;-;NO;-;-
wallc;Wall Crash (set 1);1984;Midcoin;YES;-;NO;-;-
openice;2 On 2 Open Ice Challenge (rev 1.21);1995;Midway;YES;-;NO;-;-
mk3;Mortal Kombat 3 (rev 2.1);1994;Midway;YES;-;NO;-;-
nbahangt;NBA Hangtime (rev L1.1 04/16/96);1996;Midway;YES;-;NO;-;-
nbamht;NBA Maximum Hangtime (rev 1.03 06/09/97);1996;Midway;YES;-;NO;-;-
rmpgwt;Rampage: World Tour (rev 1.3);1997;Midway;YES;-;NO;-;-
umk3;Ultimate Mortal Kombat 3 (rev 1.2);1994;Midway;YES;-;NO;-;-
wwfmania;WWF: Wrestlemania (rev 1.30 08/10/95);1995;Midway;YES;-;NO;-;-
wlstar;Wonder League Star - Sok-Magicball Fighting (Korea);1995;Mijin;YES;-;NO;-;-
dblpoint;Double Point;1995;Min Corp.;YES;-;NO;-;-
gumbo;Gumbo;1994;Min Corp.;YES;-;NO;-;-
msbingo;Miss Bingo;1994;Min Corp.;YES;-;NO;-;-
mspuzzle;Miss Puzzle;1994;Min Corp.;YES;-;NO;-;-
charlien;Charlie Ninja;1995;Mitchell;YES;-;NO;-;-
choko;Choko (010820 Japan);2001;Mitchell;YES;-;NO;-;-
dblewing;Double Wings;1993;Mitchell;YES;-;NO;-;-
jyangoku;Jyangokushi  -Haoh no Saihai- (990527 Japan);1999;Mitchell;YES;-;NO;-;-
mpang;Mighty! Pang (001010 Euro);2000;Mitchell;YES;-;NO;-;-
osman;Osman (World);1996;Mitchell;YES;-;NO;-;-
pang;Pang (World);1989;Mitchell;YES;-;NO;-;-
pang3;Pang! 3 (950601 Euro);1995;Mitchell;YES;-;NO;-;-
prtytime;Party Time: Gonta the Diver II / Ganbare! Gonta!! 2 (World Release);1995;Mitchell;YES;-;NO;-;-
pkladies;Poker Ladies;1989;Mitchell;YES;-;NO;-;-
puzzloop;Puzz Loop (Europe, v0.94);1998;Mitchell;YES;skns;NO;-;-
3kokushi;Sankokushi (Japan) [Graphics corruption on score/bonus screen is normal];1996;Mitchell;YES;-;NO;-;-
spang;Super Pang (World 900914);1990;Mitchell;YES;-;NO;-;-
karatour;The Karate Tournament;1992;Mitchell;YES;-;NO;-;-
sotsugyo;Sotsugyo Shousho;1995;Mitchell (Atlus license);YES;-;NO;-;-
pzloop2;Puzz Loop 2 (010302 Euro);2001;Mitchell, distritued by Capcom;YES;-;NO;-;-
macrossp;Macross Plus;1996;MOSS / Banpresto;YES;-;NO;-;-
catacomb;Catacomb [Bad Colours];1982;MTM Games;YES;-;NO;-;-
sqbert;Faster, Harder, More Challenging Q*bert (prototype);1983;Mylstar;YES;-;NO;-;qbert
qbertqub;Q*bert's Qubes;1983;Mylstar;YES;-;NO;-;qbert
nmk004;NMK004 Internal ROM [internal rom];1990;N M K Corporation;YES;-;NO;-;-
aliensec;Alien Sector;1985;Namco;YES;-;NO;-;-
bakutotu;Bakutotsu Kijuutei;1988;Namco;YES;-;NO;-;-
berabohm;Beraboh Man (Japan, Rev C);1988;Namco;YES;-;NO;-;-
blastoff;Blast Off (Japan);1989;Namco;YES;-;NO;-;-
blazer;Blazer (Japan);1987;Namco;YES;-;NO;-;-
bombbee;Bomb Bee;1979;Namco;YES;-;NO;-;-
boxyboy;Boxy Boy (SB?);1990;Namco;YES;-;NO;-;-
burnforc;Burning Force (Japan, new version (Rev C));1989;Namco;YES;-;NO;-;-
cosmogng;Cosmo Gang the Video (US);1991;Namco;YES;-;NO;-;-
cutieq;Cutie Q;1979;Namco;YES;-;NO;-;-
dangseed;Dangerous Seed (Japan);1989;Namco;YES;-;NO;-;-
digdug;Dig Dug (rev 2);1982;Namco;YES;-;NO;-;-
digdug2;Dig Dug II (New Ver.);1985;Namco;YES;-;NO;-;-
dirtfoxj;Dirt Fox (Japan);1989;Namco;YES;-;NO;-;-
drgnbstr;Dragon Buster [Missing sounds];1984;Namco;YES;-;NO;-;-
dsaber;Dragon Saber (World, DO2);1990;Namco;YES;-;NO;-;-
dspirit;Dragon Spirit (new version (DS3));1987;Namco;YES;-;NO;-;-
finehour;Finest Hour (Japan);1989;Namco;YES;-;NO;-;-
galaga88;Galaga '88;1987;Namco;YES;-;NO;-;-
galaga;Galaga (Namco rev. B);1981;Namco;YES;-;NO;-;-
galaxian;Galaxian (Namco set 1);1979;Namco;YES;-;NO;-;-
gaplus;Gaplus (GP2 rev. B);1984;Namco;YES;-;NO;-;-
geebee;Gee Bee;1978;Namco;YES;-;NO;-;-
genpeitd;Genpei ToumaDen;1986;Namco;YES;-;NO;-;-
grobda;Grobda (New Ver.);1984;Namco;YES;-;NO;-;-
hopmappy;Hopping Mappy;1986;Namco;YES;-;NO;-;-
kingball;King & Balloon (US);1980;Namco;YES;-;NO;-;-
myangel;Kosodate Quiz My Angel (Japan);1996;Namco;YES;-;NO;-;-
myangel2;Kosodate Quiz My Angel 2 (Japan);1996;Namco;YES;-;NO;-;-
kyukaidk;Kyuukai Douchuuki (Japan, new version (Rev B));1990;Namco;YES;-;NO;-;-
mappy;Mappy (US);1983;Namco;YES;-;NO;-;-
mmaze;Marchen Maze (Japan) [Error on first boot is normal];1988;Namco;YES;-;NO;-;-
marvland;Marvel Land (US) [Bad music - use the Japan version];1989;Namco;YES;-;NO;-;-
metlhawk;Metal Hawk (Rev C);1988;Namco;YES;-;NO;-;-
metrocrs;Metro-Cross (set 1);1985;Namco;YES;-;NO;-;-
mirninja;Mirai Ninja (Japan);1988;Namco;YES;-;NO;-;-
motos;Motos;1985;Namco;YES;-;NO;-;-
mspacman;MS Pacman;1980;Namco;YES;-;NO;-;-
navarone;Navarone;1980;Namco;YES;-;NO;-;-
nrallyx;New Rally X;1981;Namco;YES;-;NO;-;rallyx
ordyne;Ordyne (Japan, English Version);1988;Namco;YES;-;NO;-;-
pacnpal;Pac & Pal;1983;Namco;YES;-;NO;-;-
pacland;Pac-Land (World);1984;Namco;YES;-;NO;-;-
pacmania;Pac-Mania;1987;Namco;YES;-;NO;-;-
phelios;Phelios;1988;Namco;YES;-;NO;-;-
phozon;Phozon (Japan);1983;Namco;YES;-;NO;-;-
pistoldm;Pistol Daimyo no Bouken (Japan);1990;Namco;YES;-;NO;-;-
puckman;Puck Man (Japan set 1);1980;Namco;YES;-;NO;-;-
puzlclub;Puzzle Club (Japan prototype);1990;Namco;YES;-;NO;-;-
quester;Quester (Japan);1987;Namco;YES;-;NO;-;-
rallyx;Rally X (32k Ver.?);1980;Namco;YES;-;NO;-;-
rthunder;Rolling Thunder (rev 3);1986;Namco;YES;-;NO;-;-
rthun2;Rolling Thunder 2;1990;Namco;YES;-;NO;-;-
rompers;Rompers (Japan, new version (Rev B));1989;Namco;YES;-;NO;-;-
shadowld;Shadowland (YD3);1987;Namco;YES;-;NO;-;-
skykid;Sky Kid (new version);1985;Namco;YES;-;NO;-;-
skykiddx;Sky Kid Deluxe (set 1);1986;Namco;YES;-;NO;-;-
sos;SOS;1980;Namco;YES;-;NO;-;-
splatter;Splatter House (World, new version (SH3));1988;Namco;YES;-;NO;-;-
superpac;Super Pac-Man;1982;Namco;YES;-;NO;-;-
sws92;Super World Stadium '92 (Japan);1992;Namco;YES;-;NO;-;-
sws93;Super World Stadium '93 (Japan);1993;Namco;YES;-;NO;-;-
sws;Super World Stadium (Japan);1992;Namco;YES;-;NO;-;-
tankfrce;Tank Force (US, 2 Players);1991;Namco;YES;-;NO;-;-
todruaga;The Tower of Druaga (New Ver.);1984;Namco;YES;-;NO;-;-
toypop;Toypop;1986;Namco;YES;-;NO;-;-
valkyrie;Valkyrie No Densetsu (Japan);1989;Namco;YES;-;NO;-;-
warpwarp;Warp & Warp;1981;Namco;YES;-;NO;-;-
wndrmomo;Wonder Momo;1987;Namco;YES;-;NO;-;-
wldcourt;World Court (Japan);1988;Namco;YES;-;NO;-;-
ws;World Stadium (Japan);1988;Namco;YES;-;NO;-;-
androidp;Android (prototype, later build);198?;Nasco;YES;-;NO;-;-
armedf;Armed Formation;1988;Nichibutsu;YES;-;NO;-;-
galivan;Cosmo Police Galivan (12/26/1985);1985;Nichibutsu;YES;-;NO;-;-
dacholer;Dacholer;1983;Nichibutsu;YES;-;NO;-;-
friskyt;Frisky Tom (set 1);1981;Nichibutsu;YES;-;NO;-;-
kickboy;Kick Boy;1983;Nichibutsu;YES;-;NO;-;-
horekid;Kid no Hore Hore Daisakusen;1987;Nichibutsu;YES;-;NO;-;-
kozure;Kozure Ookami (Japan);1987;Nichibutsu;YES;-;NO;-;-
legion;Legion - Spinner-87 (World ver 2.03);1987;Nichibutsu;YES;-;NO;-;-
moonal2;Moon Alien Part 2;1980;Nichibutsu;YES;-;NO;-;-
mooncrst;Moon Cresta (Nichibutsu);1980;Nichibutsu;YES;-;NO;-;-
moonqsr;Moon Quasar;1980;Nichibutsu;YES;-;NO;-;-
mshuttle;Moon Shuttle (US?) [Incomplete Sound];1981;Nichibutsu;YES;-;NO;-;-
ninjemak;Ninja Emaki (US);1986;Nichibutsu;YES;-;NO;-;-
sfx;SF-X [Incomplete Sound];1983;Nichibutsu;YES;-;NO;-;-
skyrobo;Sky Robo;1989;Nichibutsu;YES;-;NO;-;-
amazon;Soldier Girl Amazon;1986;Nichibutsu;YES;-;NO;-;-
terracre;Terra Cresta (YM3526 set 1);1985;Nichibutsu;YES;-;NO;-;-
terraf;Terra Force;1987;Nichibutsu;YES;-;NO;-;-
dangar;Ufo Robo Dangar (4/07/1987);1986;Nichibutsu;YES;-;NO;-;-
wiping;Wiping;1982;Nichibutsu;YES;-;NO;-;-
itaten;Itazura Tenshi (Japan);1984;Nichibutsu / Alice;YES;-;NO;-;-
seicross;Seicross;1984;Nichibutsu / Alice;YES;-;NO;-;-
radrad;Radical Radial (US);1982;Nichibutsu USA;YES;-;NO;-;-
drgnbowl;Dragon Bowl;1992;Nics;YES;-;NO;-;-
jpopnics;Jumping Pop (Nics, Korean bootleg of Plump Pop);1992;Nics;YES;-;NO;-;-
pbillrd;Perfect Billiard;1987;Nihon System;YES;-;NO;-;-
skysmash;Sky Smasher;1990;Nihon System;YES;-;NO;-;-
freekick;Free Kick (NS6201-A 1987.10);1987;Nihon System (Merit license);YES;-;NO;-;-
countrun;Counter Run (NS6201-A 1988.3) [Please use countrunb instead!];1988;Nihon System (Sega license);YES;-;NO;-;-
pzlbowl;Puzzle De Bowling (Japan);1999;Nihon System / Moss;YES;-;NO;-;-
armwrest;Arm Wrestling;1985;Nintendo;YES;-;NO;-;-
popeye;Popeye (revision D);1982;Nintendo;YES;-;NO;-;-
punchout;Punch-Out!! (Rev B);1984;Nintendo;YES;-;NO;-;-
radarscp;Radar Scope [No sound];1980;Nintendo;YES;-;NO;-;-
skyskipr;Sky Skipper;1981;Nintendo;YES;-;NO;-;-
spnchout;Super Punch-Out!! (Rev B);1984;Nintendo;YES;-;NO;-;-
dkong;Donkey Kong (US set 1);1981;Nintendo of America;YES;-;NO;-;-
dkong3;Donkey Kong 3 (US);1983;Nintendo of America;YES;-;NO;-;-
dkongjr;Donkey Kong Junior (US set F-2);1982;Nintendo of America;YES;-;NO;-;-
mario;Mario Bros. (US, Revision F) [Imperfect sound];1983;Nintendo of America;YES;-;NO;-;-
genix;Genix Family;1994;NIX;YES;-;NO;-;-
pirates;Pirates (set 1);1994;NIX;YES;-;NO;-;-
arcadian;Arcadia (NMK);1994;NMK;YES;-;NO;-;-
bjtwin;Bombjack Twin (set 1);1993;NMK;YES;-;NO;-;-
hachamf;Hacha Mecha Fighter (19th Sep. 1991) [Use the unprotected bootleg, instead!];1991;NMK;YES;nmk004;NO;-;-
riot;Riot;1992;NMK;YES;-;NO;-;-
tdragon2;Thunder Dragon 2 (9th Nov. 1993);1993;NMK;YES;-;NO;-;-
tdragon;Thunder Dragon (9th Jan. 1992);1991;NMK (Tecmo license);YES;nmk004;NO;-;-
gunnail;GunNail (28th May. 1992);1993;NMK / Tecmo;YES;nmk004;NO;-;-
sabotenb;Saboten Bombers (set 1);1992;NMK / Tecmo;YES;-;NO;-;-
gaia;Gaia Crusaders;1999;Noise Factory;YES;-;NO;-;-
tripool;Tri-Pool (Casino Tech);1981;Noma (Casino Tech license);YES;-;NO;-;-
cannonbp;Cannon Ball (Pacman Hardware) [wrong colors];198?;Novomatic;YES;-;NO;-;-
pass;Pass;1992;Oksan;YES;-;NO;-;-
heuksun;Heuk Sun Baek Sa (Korea);199?;Oksan / F2 System;YES;-;NO;-;-
skybase;Sky Base;1982;Omori Electric Co. Ltd;YES;-;NO;-;-
battlex;Battle Cross;1982;Omori Electric Co., Ltd.;YES;-;NO;-;-
dodgeman;Dodge Man;1983;Omori Electric Co., Ltd.;YES;-;NO;-;-
changes;Changes;1982;Orca;YES;-;NO;-;-
funkybee;Funky Bee;1982;Orca;YES;-;NO;-;-
marineb;Marine Boy;1982;Orca;YES;-;NO;-;-
rpatrol;River Patrol (Orca);1981;Orca;YES;-;NO;-;-
skylancr;Sky Lancer;1983;Orca;YES;-;NO;-;-
springer;Springer;1982;Orca;YES;-;NO;-;-
bounty;The Bounty;1982;Orca;YES;-;NO;-;-
percuss;The Percussor;1981;Orca;YES;-;NO;-;-
moguchan;Mogu Chan (bootleg?);1982;Orca (Eastern Commerce Inc. license);YES;-;NO;-;-
zodiack;Zodiack;1983;Orca (Esco Trading Co., Inc. license);YES;-;NO;-;-
dogfight;Dog Fight (Thunderbolt);1983;Orca / Thunderbolt;YES;-;NO;-;-
1945kiii;1945k III (newer, OPCX2 PCB);2000;Oriental Soft;YES;-;NO;-;-
bowlrama;Bowl-O-Rama;1991;P&P Marketing;YES;-;NO;-;-
mrflea;The Amazing Adventures of Mr. F. Lea;1982;Pacific Novelty;YES;-;NO;-;-
agress;Agress;1991;Palco;YES;-;NO;-;-
puzzlove;PuzzLove;1994;Para;YES;-;NO;-;-
silvmil;Silver Millennium;1995;Para;YES;-;NO;-;-
fghtbskt;Fighting Basketball;1984;Paradise Co. Ltd.;YES;-;NO;-;-
bikkuric;Bikkuri Card (Japan);1987;Peni Soft;YES;-;NO;-;-
atomicp;Atomic Point (Korea);1990;Philco;YES;-;NO;-;-
lockonph;Lock On (Philko);1991;Philco;YES;-;NO;-;-
dyger;Dyger (Korea set 1);1989;Philko;YES;-;NO;-;-
snapper;Snapper (Korea);1990;Philko;YES;-;NO;-;-
twinfalc;Twin Falcons;1989;Philko (Poara Enterprises license);YES;-;NO;-;-
turtship;Turtle Ship (North America);1988;Philko (Sharp Image license);YES;-;NO;-;-
bigtwin;Big Twin;1995;Playmark;YES;-;NO;-;-
drtomy;Dr. Tomy;1993;Playmark;YES;-;NO;-;-
excelsr;Excelsior (set 1);1996;Playmark;YES;-;NO;-;-
hotmind;Hot Mind (Hard Times hardware);1996;Playmark;YES;-;NO;-;-
kf2k3pcb;The King of Fighters 2003 (Japan, JAMMA PCB);2003;Playmore / Capcom;YES;-;NO;-;-
news;News (set 1);1993;Poby / Virus;YES;-;NO;-;-
theroes;Thunder Heroes;2001;Primetec Investments;YES;-;NO;-;-
ozon1;Ozon I;1983;Proma;YES;-;NO;-;-
wiggie;Wiggie Waggie;1994;Promat;YES;-;NO;-;-
btlkroad;Battle K-Road;1994;Psikyo;YES;-;NO;-;-
daraku;Daraku Tenshi - The Fallen Angels;1998;Psikyo;YES;-;NO;-;-
dragnblz;Dragon Blaze;2000;Psikyo;YES;-;NO;-;-
gnbarich;Gunbarich;2001;Psikyo;YES;-;NO;-;-
gunbird;Gunbird (World);1994;Psikyo;YES;-;NO;-;-
gunbird2;Gunbird 2;1998;Psikyo;YES;-;NO;-;-
loderndf;Lode Runner - The Dig Fight (ver. B);2000;Psikyo;YES;-;NO;-;-
mjgtaste;Mahjong G-Taste;2002;Psikyo;YES;-;NO;-;-
hotgmcki;Mahjong Hot Gimmick Integral (Japan);2001;Psikyo;YES;-;NO;-;-
soldivid;Sol Divide - The Sword Of Darkness;1997;Psikyo;YES;-;NO;-;-
sbomber;Space Bomber (ver. B);1998;Psikyo;YES;-;NO;-;-
s1945;Strikers 1945;1995;Psikyo;YES;-;NO;-;-
s1945ii;Strikers 1945 II;1997;Psikyo;YES;-;NO;-;-
s1945iii;Strikers 1945 III (World) / Strikers 1999 (Japan);1999;Psikyo;YES;-;NO;-;-
hotgmck;Taisen Hot Gimmick (Japan);1997;Psikyo;YES;-;NO;-;-
hotgmck3;Taisen Hot Gimmick 3 Digital Surfing (Japan);1999;Psikyo;YES;-;NO;-;-
hotgm4ev;Taisen Hot Gimmick 4 Ever (Japan);2000;Psikyo;YES;-;NO;-;-
hgkairak;Taisen Hot Gimmick Kairakuten (Japan);1998;Psikyo;YES;-;NO;-;-
tengai;Tengai (world);1996;Psikyo;YES;-;NO;-;-
samuraia;Samurai Aces (World);1993;Psikyo / Banpresto;YES;-;NO;-;-
hotdebut;Quiz de Idol! Hot Debut (Japan);2000;Psikyo / Moss;YES;-;NO;-;-
azurian;Azurian Attack;1982;Rait Electronics Ltd;YES;-;NO;-;-
sstriker;Sorcer Striker (World);1993;Raizing;YES;-;NO;-;-
batrider;Armed Police Batrider (Europe) (Fri Feb 13 1998);1998;Raizing / 8ing;YES;-;NO;-;-
bgaregga;Battle Garegga (Europe / USA / Japan / Asia) (Sat Feb 3 1996);1996;Raizing / 8ing;YES;-;NO;-;-
kingdmgp;Kingdom Grandprix (World);1994;Raizing / 8ing;YES;-;NO;-;-
kinst;Killer Instinct (ver. 1.5);1994/1995;Rare/Nintendo;YES;-;NO;-;-
kinst2;Killer Instinct II (ver. 1.4);1994/1995;Rare/Nintendo;YES;-;NO;-;-
jumpbug;Jump Bug;1981;Rock-ola;YES;-;NO;-;-
levers;Levers;1983;Rock-ola;YES;-;NO;-;-
cairblad;Change Air Blade (Japan);1999;Sammy;YES;-;NO;-;-
dynagear;Dyna Gear;1993;Sammy;YES;-;NO;-;-
eaglshot;Eagle Shot Golf;1994;Sammy;YES;-;NO;-;-
hypreact;Mahjong Hyper Reaction (Japan);1995;Sammy;YES;-;NO;-;-
hypreac2;Mahjong Hyper Reaction 2 (Japan);1997;Sammy;YES;-;NO;-;-
meosism;Meosis Magic (Japan);1996?;Sammy;YES;-;NO;-;-
sxyreact;Pachinko Sexy Reaction (Japan);1998;Sammy;YES;-;NO;-;-
sxyreac2;Pachinko Sexy Reaction 2 (Japan);1999;Sammy;YES;-;NO;-;-
survarts;Survival Arts (World);1993;Sammy;YES;-;NO;-;-
sokonuke;Sokonuke Taisen Game (Japan);1995;Sammy Industries;YES;-;NO;-;-
extdwnhl;Extreme Downhill (v1.5);1995;Sammy Industries Japan;YES;-;NO;-;-
drmicro;Dr. Micro;1983;Sanritsu;YES;-;NO;-;-
dremshpr;Dream Shopper;1982;Sanritsu;YES;-;NO;-;-
vanvan;Van-Van Car;1983;Sanritsu;YES;-;NO;-;-
appoooh;Appoooh;1984;Sanritsu / Sega;YES;-;NO;-;-
robowres;Robo Wres 2001;1986;Sanritsu / Sega;YES;-;NO;-;-
huncholy;Hunchback Olympic [Parent set for working drivers];1984;Seatongrove Ltd;YES;-;NO;-;-
8ballact;Eight Ball Action (DK conversion) [Parent set for working drivers];1984;Seatongrove Ltd (Magic Eletronics USA licence);YES;-;NO;-;-
abcop;A.B. Cop (World, FD1094 317-0169b);1990;Sega;YES;-;NO;-;-
afighter;Action Fighter, FD1089A 317-0018;1986;Sega;YES;-;NO;-;-
aburner2;After Burner II;1987;Sega;YES;-;NO;-;-
alexkidd;Alex Kidd: The Lost Stars (set 2, unprotected);1986;Sega;YES;-;NO;-;-
alibaba;Ali Baba and 40 Thieves;1982;Sega;YES;-;NO;-;-
astorm;Alien Storm (set 4, World, 2 Players, FD1094 317-0154);1990;Sega;YES;-;NO;-;-
aliensyn;Alien Syndrome (set 4, System 16B, unprotected);1987;Sega;YES;-;NO;-;-
altbeast;Altered Beast (set 8, 8751 317-0078);1988;Sega;YES;-;NO;-;-
bloxeed;Bloxeed (Japan, FD1094 317-0139);1990;Sega;YES;-;NO;-;-
bodyslam;Body Slam (8751 317-0015);1986;Sega;YES;-;NO;-;-
calorie;Calorie Kun vs Moguranian;1986;Sega;YES;-;NO;-;-
choplift;Choplifter (8751 315-5151) [The (unprotected) or (bootleg) versions work fine.];1985;Sega;YES;-;NO;-;-
cltchitr;Clutch Hitter (set 2, US, FD1094 317-0176);1991;Sega;YES;-;NO;-;-
commsega;Commando (Sega);1983;Sega;YES;-;NO;-;-
congo;Congo Bongo;1983;Sega;YES;-;NO;-;-
ddcrew;D. D. Crew (set 4, World, 3 Players, FD1094 317-0190);1991;Sega;YES;-;NO;-;-
desertbr;Desert Breaker (World, FD1094 317-0196);1992;Sega;YES;-;NO;-;-
dotrikun;Dottori Kun (new version);1990;Sega;YES;-;NO;-;-
dunkshot;Dunk Shot (Rev C, FD1089 317-0022);1987;Sega;YES;-;NO;-;-
ddux;Dynamite Dux (set 2, FD1094 317-0096);1989;Sega;YES;-;NO;-;-
eswat;E-Swat - Cyber Police (set 4, World, FD1094 317-0130);1989;Sega;YES;-;NO;-;-
enduror;Enduro Racer (YM2151, FD1089B 317-0013A);1986;Sega;YES;-;NO;-;-
fantzone;Fantasy Zone (Rev A, unprotected);1986;Sega;YES;-;NO;-;-
fpoint;Flash Point (set 2, Japan, FD1094 317-0127A);1989;Sega;YES;-;NO;-;-
flashgal;Flashgal (set 1);1985;Sega;YES;-;NO;-;-
flicky;Flicky (128k Version, 315-5051);1984;Sega;YES;-;NO;-;-
futspy;Future Spy;1984;Sega;YES;-;NO;-;zaxxon
gloc;G-LOC Air Battle (World);1990;Sega;YES;-;NO;-;-
gforce2;Galaxy Force 2;1988;Sega;YES;-;NO;-;-
gigas;Gigas (MC-8123, 317-5002) [Please use gigasb instead!];1986;SEGA;YES;-;NO;-;-
goldnaxe;Golden Axe (set 6, US, 8751 317-123A);1989;Sega;YES;-;NO;-;-
gprider;GP Rider (World, FD1094 317-0163) (Twin setup) [Single version only];1990;Sega;YES;-;NO;-;-
hangon;Hang-On (rev A);1985;Sega;YES;-;NO;-;-
hangonjr;Hang-On Jr. [Graphics issues on the Game Over screen];1985;Sega;YES;-;NO;-;-
hvymetal;Heavy Metal (315-5135);1985;Sega;YES;-;NO;-;-
hwchamp;Heavyweight Champ;1987;Sega;YES;-;NO;-;-
hopprobo;Hopper Robo;1983;Sega;YES;-;NO;-;-
ixion;Ixion (prototype);1983;Sega;YES;-;NO;-;-
lastsurv;Last Survivor (FD1094 317-0083);1987;Sega;YES;-;NO;-;-
mjleague;Major League;1985;Sega;YES;-;NO;-;-
mwalk;Michael Jackson's Moonwalker (set 3, World, FD1094/8751 317-0159);1990;Sega;YES;-;NO;-;-
mrviking;Mister Viking (315-5041);1984;Sega;YES;-;NO;-;-
mvp;MVP (set 2, US, FD1094 317-0143);1989;Sega;YES;-;NO;-;-
myhero;My Hero (US, not encrypted);1985;Sega;YES;-;NO;-;-
outrun;Out Run (sitdown/upright, Rev B);1986;Sega;YES;-;NO;-;-
passsht;Passing Shot (World, 2 Players, FD1094 317-0080);1988;Sega;YES;-;NO;-;-
pengo;Pengo (set 1 rev c);1982;Sega;YES;-;NO;-;-
pitfall2;Pitfall II (315-5093);1985;Sega;YES;-;NO;-;-
pdrift;Power Drift (World, Rev A) [Select Auto-Center preset in Input Configuration];1988;Sega;YES;-;NO;-;-
quartet;Quartet (Rev A, 8751 317-unknown);1986;Sega;YES;-;NO;-;-
rachero;Racing Hero (FD1094 317-0144);1989;Sega;YES;-;NO;-;-
razmataz;Razzmatazz;1983;Sega;YES;-;NO;-;-
regulus;Regulus (315-5033, rev. A);1983;Sega;YES;-;NO;-;-
repulse;Repulse;1985;Sega;YES;-;NO;-;-
sdi;SDI - Strategic Defense Initiative (Japan, newer, System 16A, FD1089B 317-0027);1987;Sega;YES;-;NO;-;-
seganinj;Sega Ninja (315-5102);1985;Sega;YES;-;NO;-;-
shdancer;Shadow Dancer (set 3, US);1989;Sega;YES;-;NO;-;-
shinobi;Shinobi (set 6, System 16A, unprotected);1987;Sega;YES;-;NO;-;-
sonicbom;Sonic Boom (FD1094 317-0053);1987;Sega;YES;-;NO;-;-
sharrier;Space Harrier (Rev A, 8751 315-5163A);1985;Sega;YES;-;NO;-;-
spatter;Spatter;1984;Sega;YES;-;NO;-;-
starjack;Star Jacker (Sega);1983;Sega;YES;-;NO;-;-
strkfgtr;Strike Fighter (World);1991;Sega;YES;-;NO;-;-
shangon;Super Hang-On (sitdown/upright, unprotected);1987;Sega;YES;-;NO;-;-
suprloco;Super Locomotive (Rev.A);1982;Sega;YES;-;NO;-;-
smgp;Super Monaco GP (World, Rev B, FD1094 317-0126a);1989;Sega;YES;-;NO;-;-
szaxxon;Super Zaxxon;1982;Sega;YES;-;NO;-;zaxxon
teddybb;TeddyBoy Blues (315-5115, New Ver.);1985;Sega;YES;-;NO;-;-
tetrisse;Tetris (Japan, System E);1988;Sega;YES;-;NO;-;-
tetris;Tetris (set 4, Japan, System 16A, FD1094 317-0093);1988;Sega;YES;-;NO;-;-
thndrbld;Thunder Blade (upright, FD1094 317-0056);1987;Sega;YES;-;NO;-;-
timescan;Time Scanner (set 2, System 16B);1987;Sega;YES;-;NO;-;-
tokisens;Toki no Senshi - Chrono Soldier;1987;Sega;YES;-;NO;-;-
transfrm;Transformer;1986;Sega;YES;-;NO;-;-
toutrun;Turbo Out Run (Out Run upgrade, FD1094 317-0118);1989;Sega;YES;-;NO;-;-
ufosensi;Ufo Senshi Yohko Chan (MC-8123, 317-0064);1988;Sega;YES;-;NO;-;-
upndown;Up'n Down (315-5030);1983;Sega;YES;-;NO;-;-
wwallyj;Wally wo Sagase! (rev B, Japan, FD1094 317-0197B);1992;Sega;YES;-;NO;-;-
wrestwar;Wrestle War (set 3, World, 8751 317-0103);1988;Sega;YES;-;NO;-;-
yamato;Yamato (US);1983;Sega;YES;-;NO;-;-
zaxxon;Zaxxon (set 1, rev D);1982;Sega;YES;-;NO;-;-
wboy;Wonder Boy (set 1, 315-5177);1986;Sega (Escape License);YES;-;NO;-;-
legend;Legend;1986;Sega / Coreland;YES;-;NO;-;-
fantzn2x;Fantasy Zone II - The Tears of Opa-Opa (System 16C);2008;Sega / M2;YES;-;NO;-;-
spcpostn;Space Position (Japan);1986;Sega / Nasco;YES;-;NO;-;-
combh;Combat Hawk;1987;Sega / Sanritsu;YES;-;NO;-;-
hamaway;Hammer Away (prototype) [Prototype];1992;Sega / Santos;YES;-;NO;-;-
tturf;Tough Turf (set 2, Japan, 8751 317-0104);1989;Sega / Sunsoft;YES;-;NO;-;-
blockgal;Block Gal (MC-8123B, 317-0029);1987;Sega / Vic Tokai;YES;-;NO;-;-
aurail;Aurail (set 3, US, unprotected);1990;Sega / Westone;YES;-;NO;-;-
riotcity;Riot City (Japan);1991;Sega / Westone;YES;-;NO;-;-
toryumon;Toryumon;1994;Sega / Westone;YES;-;NO;-;-
wb3;Wonder Boy III - Monster Lair (set 6, World, System 16B, 8751 317-0098);1988;Sega / Westone;YES;-;NO;-;-
wbml;Wonder Boy in Monster Land (Japan New Ver., MC-8123, 317-0043);1987;Sega / Westone;YES;-;NO;-;-
metlfrzr;Metal Freezer;1989;Seibu;YES;-;NO;-;-
scion;Scion [Music horribly broken, use scionc instead!];1984;Seibu Denshi;YES;-;NO;-;stinger
stinger;Stinger;1983;Seibu Denshi;YES;-;NO;-;-
dynduke;Dynamite Duke (Europe, 03SEP89);1989;Seibu Kaihatsu;YES;-;NO;-;-
raiden;Raiden (set 1);1990;Seibu Kaihatsu;YES;-;NO;-;-
raidendx;Raiden DX (UK);1994;Seibu Kaihatsu;YES;-;NO;-;-
r2dx_v33;Raiden II New / Raiden DX (newer V33 PCB) (Raiden DX EEPROM) [Terrible sound quality is normal for this game, use Raiden DX instead!];1996;Seibu Kaihatsu;YES;-;NO;-;-
shtrider;Shot Rider;1985;Seibu Kaihatsu;YES;-;NO;-;-
dbldynj;The Double Dynamites (Japan, 13NOV89);1989;Seibu Kaihatsu;YES;-;NO;-;-
zeroteam;Zero Team USA (set 1, US, Fabtek license) [Unemulated protection];1993;Seibu Kaihatsu;YES;-;NO;-;-
raiden2;Raiden II (US, set 1);1993;Seibu Kaihatsu (Fabtek license);YES;-;NO;-;-
mustache;Mustache Boy (Japan);1987;Seibu Kaihatsu (March license);YES;-;NO;-;-
kungfut;Kung-Fu Taikun;1984;Seibu Kaihatsu Inc.;YES;-;NO;-;-
wiz;Wiz;1985;Seibu Kaihatsu Inc.;YES;-;NO;-;-
bcstry;B.C. Story (set 1);1997;SemiCom;YES;-;NO;-;-
baryon;Baryon - Future Assault (set 1);1997;SemiCom;YES;-;NO;-;-
chokchok;Choky! Choky!;1995;SemiCom;YES;-;NO;-;-
cookbib;Cookie & Bibi (set 1);1995;SemiCom;YES;-;NO;-;-
cookbib2;Cookie & Bibi 2;1996;SemiCom;YES;-;NO;-;-
cookbib3;Cookie & Bibi 3;1997;SemiCom;YES;-;NO;-;-
cutefght;Cute Fighter;1998;SemiCom;YES;-;NO;-;-
dquizgo;Date Quiz Go Go (Korea);1998;SemiCom;YES;-;NO;-;-
dreamwld;Dream World;2000;SemiCom;YES;-;NO;-;-
htchctch;Hatch Catch;1995;SemiCom;YES;-;NO;-;-
hyperpac;Hyper Pacman;1995;SemiCom;YES;-;NO;-;-
semibase;MuHanSeungBu (SemiCom Baseball) (Korea);1997;SemiCom;YES;-;NO;-;-
pzlbreak;Puzzle Break;1997;SemiCom;YES;-;NO;-;-
sdfight;SD Fighters (Korea);1996;SemiCom;YES;-;NO;-;-
toppyrap;Toppy & Rappy;1996;SemiCom;YES;-;NO;-;-
twinkle;Twinkle;1997;SemiCom;YES;-;NO;-;-
wondl96;Wonder League '96 (Korea);1995;SemiCom;YES;-;NO;-;-
3in1semi;XESS - The New Revolution (SemiCom 3-in-1);1997;SemiCom;YES;-;NO;-;-
moremore;More More;1999;SemiCom / Exit;YES;-;NO;-;-
moremorp;More More Plus;1999;SemiCom / Exit;YES;-;NO;-;-
rolcrush;Rolling Crush (version 1.07.E - 1999/02/11, Trust license);1999;SemiCom / Exit (Trust license);YES;-;NO;-;-
gaialast;Gaia - The Last Choice of Earth;1999;SemiCom / XESS;YES;-;NO;-;-
quizo;Quiz Olympic (set 1);1985;Seoul Coin Corp.;YES;-;NO;-;-
vastar;Vastar (set 1);1983;Sesame Japan;YES;-;NO;-;-
arbalest;Arbalester;1989;Seta;YES;-;NO;-;-
drgnunit;Dragon Unit / Castle of Dragon;1989;Seta;YES;-;NO;-;-
metafox;Meta Fox;1989;Seta;YES;-;NO;-;-
srmp7;Super Real Mahjong P7 (Japan) [No sound.];1997;Seta;YES;-;NO;-;-
srmp4;Super Real Mahjong PIV (Japan);1993;Seta;YES;-;NO;-;-
thunderl;Thunder & Lightning;1990;Seta;YES;-;NO;-;-
twineag2;Twin Eagle II - The Rescue Mission;1994;Seta;YES;-;NO;-;-
usclssic;U.S. Classic;1989;Seta;YES;-;NO;-;-
tndrcade;Thundercade / Twin Formation;1987;Seta (Taito license);YES;-;NO;-;-
twineagl;Twin Eagle - Revenge Joe's Brother;1988;Seta (Taito license);YES;-;NO;-;-
drivfrcp;Driving Force (Pac-Man conversion);1984;Shinkai Inc. (Magic Eletronics Inc. license);YES;-;NO;-;-
porky;Porky;1985;Shinkai Inc. (Magic Eletronics Inc. license);YES;-;NO;-;-
skyarmy;Sky Army;1982;Shoei;YES;-;NO;-;-
streakng;Streaking (set 1) [Bad Colours];1981;Shoei;YES;-;NO;-;-
luctoday;Lucky Today [Bad colours];1980;Sigma;YES;-;NO;-;-
bcruzm12;Battle Cruiser M-12;1983;Sigma Enterprises Inc.;YES;-;NO;-;-
ponpoko;Ponpoko;1982;Sigma Enterprises Inc.;YES;-;NO;-;-
sub;Submarine (Sigma);1985;Sigma Enterprises Inc.;YES;-;NO;-;-
wanted;Wanted;1984;Sigma Enterprises Inc.;YES;-;NO;-;-
superbon;Agent Super Bond (scobra hardware) [Bad Colours];1985;Signaton USA;YES;-;NO;-;-
orbitron;Orbitron;19??;Signatron USA;YES;-;NO;-;-
aso;ASO - Armored Scrum Object;1985;SNK;YES;-;NO;-;-
athena;Athena;1986;SNK;YES;-;NO;-;-
canvas;Canvas Croquis;1985;SNK;YES;-;NO;-;-
chopper;Chopper I (US set 1);1988;SNK;YES;-;NO;-;-
countryc;Country Club [bad inputs, use fitegolf instead!];1988;SNK;YES;-;NO;-;-
fitegolf;Fighting Golf (World?);1988;SNK;YES;-;NO;-;-
fsoccer;Fighting Soccer (version 4);1988;SNK;YES;-;NO;-;-
sgladiat;Gladiator 1984;1984;SNK;YES;-;NO;-;-
goldmedl;Gold Medalist (set 1);1988;SNK;YES;-;NO;-;-
hal21;HAL21;1984;SNK;YES;-;NO;-;-
jcross;Jumping Cross;1984;SNK;YES;-;NO;-;-
lasso;Lasso;1982;SNK;YES;-;NO;-;-
madcrash;Mad Crasher;1984;SNK;YES;-;NO;-;-
marvins;Marvin's Maze;1983;SNK;YES;-;NO;-;-
ozmawars;Ozma Wars (set 1);1979;SNK;YES;-;NO;-;invaders
pow;P.O.W. - Prisoners of War (US version 1);1988;SNK;YES;-;NO;-;-
paddlema;Paddle Mania;1988;SNK;YES;-;NO;-;-
prehisle;Prehistoric Isle in 1930 (World);1989;SNK;YES;-;NO;-;-
psychos;Psycho Soldier (US);1987;SNK;YES;-;NO;-;-
streetsm;Street Smart (US version 2);1989;SNK;YES;-;NO;-;-
tnextspc;The Next Space (set 1);1989;SNK;YES;-;NO;-;-
tdfever;TouchDown Fever (US);1987;SNK;YES;-;NO;-;-
vangrd2;Vanguard II;1984;SNK;YES;-;NO;-;-
safarir;Safari Rally (World);1979;SNK (Taito license);YES;-;NO;-;-
meijinsn;Meijinsen;1986;SNK Electronics corp.;YES;-;NO;-;-
ms5pcb;Metal Slug 5 (JAMMA PCB);2003;SNK Playmore;YES;-;NO;-;-
svcpcb;SNK vs. Capcom - SVC Chaos (JAMMA PCB, set 1);2003;SNK Playmore;YES;-;NO;-;-
toto;Come Back Toto;1996;SoftClub;YES;-;NO;-;-
dambustr;Dambusters (US, set 1);1981;South West Research;YES;-;NO;-;-
evilston;Evil Stone;1990;Spacy Industrial, Ltd.;YES;-;NO;-;-
racknrol;Rack + Roll;1986;Status (Shinkai License);YES;-;NO;-;-
armorcar;Armored Car (set 1);1981;Stern;YES;-;NO;-;-
darkplnt;Dark Planet [Dial doesn't work very well];1982;Stern;YES;-;NO;-;-
moonwar;Moonwar;1981;Stern;YES;-;NO;-;-
spdcoin;Speed Coin (prototype) [Prototype];1984;Stern;YES;-;NO;-;-
tazmania;Tazz-Mania (set 1);1982;Stern;YES;-;NO;-;-
anteater;Anteater;1982;Stern (Tago license);YES;-;NO;-;-
calipso;Calipso;1982;Stern (Tago license);YES;-;NO;-;-
pisces;Pisces;19??;Subelectro;YES;-;NO;-;-
crazyfgt;Crazy Fight;1996;Subsino;YES;-;NO;-;-
penbros;Penguin Brothers (Japan);2000;Subsino;YES;-;NO;-;-
dcon;D-Con;1992;Success;YES;-;NO;-;-
cotton;Cotton (set 3, World, FD1094 317-0181a);1991;Success / Sega;YES;-;NO;-;-
ryukyu;RyuKyu (Japan, FD1094 317-5023);1990;Success / Sega;YES;-;NO;-;-
arabian;Arabian;1983;Sun Electronics;YES;-;NO;-;-
fnkyfish;Funky Fish;1981;Sun Electronics;YES;-;NO;-;-
ikki;Ikki (Japan);1985;Sun Electronics;YES;-;NO;-;-
kangaroo;Kangaroo;1982;Sun Electronics;YES;-;NO;-;-
markham;Markham;1983;Sun Electronics;YES;-;NO;-;-
speakres;Speak & Rescue;1980;Sun Electronics;YES;-;NO;-;-
bssoccer;Back Street Soccer [graphics issues?];1996;SunA;YES;-;NO;-;-
bestbest;Best Of Best;1994;SunA;YES;-;NO;-;-
hardhead;Hard Head;1988;SunA;YES;-;NO;-;-
hardhea2;Hard Head 2 (v2.0);1991;SunA;YES;-;NO;-;-
sparkman;Spark Man (v2.0, set 1);1989;SunA;YES;-;NO;-;-
starfigh;Star Fighter (v1);1990;SunA;YES;-;NO;-;-
sunaq;SunA Quiz 6000 Academy (940620-6);1994;SunA;YES;-;NO;-;-
sranger;Super Ranger (v2.0);1988;SunA;YES;-;NO;-;-
uballoon;Ultra Balloon;1996;SunA;YES;-;NO;-;-
oisipuzl;Oishii Puzzle Ha Irimasenka;1993;Sunsoft / Atlus;YES;-;NO;-;-
bayroute;Bay Route (set 3, World, FD1094 317-0116);1989;Sunsoft / Sega;YES;-;NO;-;-
bloodbro;Blood Bros. (set 1);1990;Tad;YES;-;NO;-;-
cabal;Cabal (World, Joystick);1988;TAD Corporation;YES;-;NO;-;-
toki;Toki (World, set 1);1989;TAD Corporation;YES;-;NO;-;-
onna34ro;Onna Sansirou - Typhoon Gal;1985;Taito;YES;-;NO;-;-
rumba;Rumba Lumber;1984;Taito;YES;-;NO;-;-
ttmahjng;T.T Mahjong;1980;Taito;YES;-;NO;-;-
flstory;The FairyLand Story;1985;Taito;YES;-;NO;-;-
thepit;The Pit [Parent set for working drivers];1992;Taito;YES;-;NO;-;-
wyvernf0;Wyvern F-0;1985;Taito;YES;-;NO;-;-
invaders;Space Invaders / Space Invaders M;1978;Taito / Midway;YES;-;NO;-;-
horshoes;American Horseshoes (US);1990;Taito America Corporation;YES;-;NO;-;-
cameltry;Cameltry (US, YM2610);1989;Taito America Corporation;YES;-;NO;-;-
dblaxle;Double Axle (US);1991;Taito America Corporation;YES;-;NO;-;-
dleague;Dynamite League (US);1990;Taito America Corporation;YES;-;NO;-;-
twinqix;Twin Qix (Ver 1.0A 1995/01/17) (Prototype) [Prototype];1995;Taito America Corporation;YES;-;NO;-;-
kageki;Kageki (US);1988;Taito America Corporation (Romstar license);YES;-;NO;-;-
arkatour;Tournament Arkanoid (US);1987;Taito America Corporation (Romstar license);YES;-;NO;-;-
koshien;Ah Eikou no Koshien (Japan);1990;Taito Corporation;YES;-;NO;-;-
arkretrn;Arkanoid Returns (Ver 2.02O 1997/02/10);1997;Taito Corporation;YES;-;NO;-;-
asuka;Asuka & Asuka (World);1988;Taito Corporation;YES;-;NO;-;-
bublbobl;Bubble Bobble (Japan, Ver 0.1);1986;Taito Corporation;YES;-;NO;-;-
bygone;Bygone [Imperfect sound];1985;Taito Corporation;YES;-;NO;-;-
cachat;Cachat (Japan);1993;Taito Corporation;YES;-;NO;-;-
chaknpop;Chack'n Pop;1983;Taito Corporation;YES;-;NO;-;-
cleopatr;Cleopatra Fortune (Ver 2.1J 1996/09/05);1996;Taito Corporation;YES;-;NO;-;-
commandw;Command War - Super Special Battle & War Game (Ver 0.0J) (Prototype) [Prototype];1992;Taito Corporation;YES;-;NO;-;-
qcrayon2;Crayon Shinchan Orato Asobo (Japan);1993;Taito Corporation;YES;-;NO;-;-
dankuga;Dan-Ku-Ga (Ver 0.0J 1994/12/13) (Prototype) [Prototype, Missing graphics are normal in this prototype];1994;Taito Corporation;YES;-;NO;-;-
dariusgx;Darius Gaiden - Silver Hawk Extra Version (Ver 2.7J 1995/03/06) (Official Hack);1994;Taito Corporation;YES;-;NO;-;-
darius2;Darius II (Japan);1989;Taito Corporation;YES;-;NO;-;-
dockman;Dock Man [Parent set for working drivers];1982;Taito Corporation;YES;-;NO;-;-
exzisus;Exzisus (Japan, dedicated);1987;Taito Corporation;YES;-;NO;-;-
gekiridn;Gekirindan (Ver 2.3O 1995/09/21);1995;Taito Corporation;YES;-;NO;-;-
kirameki;Kirameki Star Road (Ver 2.10J 1997/08/29) [No sound];1997;Taito Corporation;YES;-;NO;-;-
ksayakyu;Kusayakyuu;1985;Taito Corporation;YES;-;NO;-;-
landmakr;Land Maker (Ver 2.01J 1998/06/01);1998;Taito Corporation;YES;-;NO;-;-
mjnquest;Mahjong Quest (Japan);1990;Taito Corporation;YES;-;NO;-;-
mofflott;Maze of Flott (Japan);1989;Taito Corporation;YES;-;NO;-;-
minivadr;Minivader;1990;Taito Corporation;YES;-;NO;-;-
quizhuhu;Moriguchi Hiroko no Quiz de Hyuu!Hyuu! (Ver 2.2J 1995/05/25);1995;Taito Corporation;YES;-;NO;-;-
plumppop;Plump Pop (Japan);1987;Taito Corporation;YES;-;NO;-;-
popnpop;Pop'n Pop (Ver 2.07O 1998/02/09);1997;Taito Corporation;YES;-;NO;-;-
puchicar;Puchi Carat (Ver 2.02O 1997/10/29);1997;Taito Corporation;YES;-;NO;-;-
pbobble;Puzzle Bobble (Japan, B-System);1994;Taito Corporation;YES;-;NO;-;-
pbobble3;Puzzle Bobble 3 (Ver 2.1O 1996/09/27);1996;Taito Corporation;YES;-;NO;-;-
pbobble4;Puzzle Bobble 4 (Ver 2.04O 1997/12/19);1997;Taito Corporation;YES;-;NO;-;-
qzchikyu;Quiz Chikyu Bouei Gun (Japan);1991;Taito Corporation;YES;-;NO;-;-
qcrayon;Quiz Crayon Shinchan (Japan);1993;Taito Corporation;YES;-;NO;-;-
quizhq;Quiz H.Q. (Japan);1990;Taito Corporation;YES;-;NO;-;-
qjinsei;Quiz Jinsei Gekijoh (Japan);1992;Taito Corporation;YES;-;NO;-;-
qzquest;Quiz Quest - Hime to Yuusha no Monogatari (Japan);1991;Taito Corporation;YES;-;NO;-;-
qzshowby;Quiz Sekai wa SHOW by shobai (Japan);1993;Taito Corporation;YES;-;NO;-;-
qtheater;Quiz Theater - 3tsu no Monogatari (Ver 2.3J 1994/11/10);1994;Taito Corporation;YES;-;NO;-;-
qtorimon;Quiz Torimonochou (Japan);1990;Taito Corporation;YES;-;NO;-;-
rbisland;Rainbow Islands (new version);1987;Taito Corporation;YES;-;NO;-;-
recalh;Recalhorn (Ver 1.42J 1994/5/11) (Prototype) [Prototype];1994;Taito Corporation;YES;-;NO;-;-
retofinv;Return of the Invaders;1985;Taito Corporation;YES;-;NO;-;-
ryujin;Ryu Jin (Japan);1993;Taito Corporation;YES;-;NO;-;-
srdmissn;S.R.D. Mission;1986;Taito Corporation;YES;-;NO;-;-
slapshot;Slap Shot (Japan);1994;Taito Corporation;YES;-;NO;-;-
sbm;Sonic Blast Man (US);1990;Taito Corporation;YES;-;NO;-;-
spacedx;Space Invaders DX (US, v2.1);1994;Taito Corporation;YES;-;NO;-;-
superman;Superman (World);1988;Taito Corporation;YES;-;NO;-;-
syvalion;Syvalion (Japan);1988;Taito Corporation;YES;-;NO;-;-
lkage;The Legend of Kage;1984;Taito Corporation;YES;-;NO;-;-
darkmist;The Lost Castle In Darkmist;1986;Taito Corporation;YES;-;NO;-;-
tokio;Tokio / Scramble Formation (newer) [Use tokiob instead!];1986;Taito Corporation;YES;-;NO;-;-
warriorb;Warrior Blade - Rastan Saga Episode III (Japan);1991;Taito Corporation;YES;-;NO;-;-
yesnoj;Yes/No Sinri Tokimeki Chart;1992;Taito Corporation;YES;-;NO;-;-
yuyugogo;Yuuyu no Quiz de GO!GO! (Japan);1990;Taito Corporation;YES;-;NO;-;-
suprridr;Super Rider;1983;Taito Corporation (Venture Line license);YES;-;NO;-;-
hitice;Hit the Ice (US);1990;Taito Corporation (Williams licence);YES;-;NO;-;-
scessjoe;Success Joe (World) [Incomplete sound];1990;Taito Corporation / Wave;YES;-;NO;-;-
aquajack;Aquajack (World);1990;Taito Corporation Japan;YES;-;NO;-;-
arabianm;Arabian Magic (Ver 1.0O 1992/07/06);1992;Taito Corporation Japan;YES;-;NO;-;-
arkanoid;Arkanoid (World, oldest rev);1986;Taito Corporation Japan;YES;-;NO;-;-
arknoid2;Arkanoid - Revenge of DOH (World);1987;Taito Corporation Japan;YES;-;NO;-;-
ashura;Ashura Blaster (World);1990;Taito Corporation Japan;YES;-;NO;-;-
bshark;Battle Shark (World);1989;Taito Corporation Japan;YES;-;NO;-;-
bonzeadv;Bonze Adventure (World, Newer);1988;Taito Corporation Japan;YES;-;NO;-;-
bublbob2;Bubble Bobble II (Ver 2.6O 1994/12/16);1994;Taito Corporation Japan;YES;-;NO;-;-
bubblem;Bubble Memories: The Story Of Bubble Bobble III (Ver 2.4O 1996/02/15);1995;Taito Corporation Japan;YES;-;NO;-;-
cadash;Cadash (World);1989;Taito Corporation Japan;YES;-;NO;-;-
champwr;Champion Wrestler (World);1989;Taito Corporation Japan;YES;-;NO;-;-
chasehq;Chase H.Q. (World);1988;Taito Corporation Japan;YES;-;NO;-;-
chukatai;Chuka Taisen (World);1988;Taito Corporation Japan;YES;-;NO;-;-
contcirc;Continental Circus (World);1987;Taito Corporation Japan;YES;-;NO;-;-
crimec;Crime City (World);1989;Taito Corporation Japan;YES;-;NO;-;-
darius;Darius (World);1986;Taito Corporation Japan;YES;-;NO;-;-
dariusg;Darius Gaiden - Silver Hawk (Ver 2.5O 1994/09/19);1994;Taito Corporation Japan;YES;-;NO;-;-
deadconx;Dead Connection (World);1992;Taito Corporation Japan;YES;-;NO;-;-
dinorex;Dino Rex (World);1992;Taito Corporation Japan;YES;-;NO;-;-
dondokod;Don Doko Don (World);1989;Taito Corporation Japan;YES;-;NO;-;-
drtoppel;Dr. Toppel's Adventure (World);1987;Taito Corporation Japan;YES;-;NO;-;-
elvactr;Elevator Action Returns (Ver 2.2O 1995/02/20);1994;Taito Corporation Japan;YES;-;NO;-;-
enforce;Enforce (World);1988;Taito Corporation Japan;YES;-;NO;-;-
euroch92;Euro Champ '92 (World);1992;Taito Corporation Japan;YES;-;NO;-;-
extrmatn;Extermination (World);1987;Taito Corporation Japan;YES;-;NO;-;-
fhawk;Fighting Hawk (World);1988;Taito Corporation Japan;YES;-;NO;-;-
finalb;Final Blow (World);1988;Taito Corporation Japan;YES;-;NO;-;-
footchmp;Football Champ (World);1990;Taito Corporation Japan;YES;-;NO;-;-
gseeker;Grid Seeker: Project Storm Hammer (Ver 1.3O);1992;Taito Corporation Japan;YES;-;NO;-;-
growl;Growl (World, Rev 1);1990;Taito Corporation Japan;YES;-;NO;-;-
gunfront;Gun & Frontier (World);1990;Taito Corporation Japan;YES;-;NO;-;-
gunlock;Gunlock (Ver 2.3O 1994/01/20);1993;Taito Corporation Japan;YES;-;NO;-;-
insectx;Insector X (World);1989;Taito Corporation Japan;YES;-;NO;-;-
intcup94;International Cup '94 (Ver 2.2O 1994/05/26);1994;Taito Corporation Japan;YES;-;NO;-;-
kaiserkn;Kaiser Knuckle (Ver 2.1O 1994/07/29);1994;Taito Corporation Japan;YES;-;NO;-;-
kurikint;Kuri Kinton (World);1988;Taito Corporation Japan;YES;-;NO;-;-
lightbr;Light Bringer (Ver 2.2O 1994/04/08);1993;Taito Corporation Japan;YES;-;NO;-;-
liquidk;Liquid Kids (World);1990;Taito Corporation Japan;YES;-;NO;-;-
masterw;Master of Weapon (World) [Imperfect graphics];1989;Taito Corporation Japan;YES;-;NO;-;-
megablst;Mega Blast (World);1989;Taito Corporation Japan;YES;-;NO;-;-
metalb;Metal Black (World);1991;Taito Corporation Japan;YES;-;NO;-;-
nastar;Nastar (World);1988;Taito Corporation Japan;YES;-;NO;-;-
nightstr;Night Striker (World);1989;Taito Corporation Japan;YES;-;NO;-;-
othunder;Operation Thunderbolt (World, rev 1);1988;Taito Corporation Japan;YES;-;NO;-;-
plotting;Plotting (World set 1);1989;Taito Corporation Japan;YES;-;NO;-;-
pulirula;PuLiRuLa (World) [Some priority problems];1991;Taito Corporation Japan;YES;-;NO;-;-
pbobble2;Puzzle Bobble 2 (Ver 2.3O 1995/07/31);1995;Taito Corporation Japan;YES;-;NO;-;-
puzznic;Puzznic (World);1989;Taito Corporation Japan;YES;-;NO;-;-
racingb;Racing Beat (World);1991;Taito Corporation Japan;YES;-;NO;-;-
raimais;Raimais (World);1988;Taito Corporation Japan;YES;-;NO;-;-
rastan;Rastan (World Rev 1);1987;Taito Corporation Japan;YES;-;NO;-;-
recordbr;Recordbreaker (World);1988;Taito Corporation Japan;YES;-;NO;-;-
ridingf;Riding Fight (Ver 1.0O);1992;Taito Corporation Japan;YES;-;NO;-;-
ringrage;Ring Rage (Ver 2.3O 1992/08/09);1992;Taito Corporation Japan;YES;-;NO;-;-
silentd;Silent Dragon (World);1992;Taito Corporation Japan;YES;-;NO;-;-
solfigtr;Solitary Fighter (World);1991;Taito Corporation Japan;YES;-;NO;-;-
spacegun;Space Gun (World);1990;Taito Corporation Japan;YES;-;NO;-;-
spcinv95;Space Invaders '95: The Attack Of Lunar Loonies (Ver 2.5O 1995/06/14);1995;Taito Corporation Japan;YES;-;NO;-;-
sci;Special Criminal Investigation (World set 1);1989;Taito Corporation Japan;YES;-;NO;-;-
superchs;Super Chase - Criminal Termination (World);1992;Taito Corporation Japan;YES;-;NO;-;-
scfinals;Super Cup Finals (Ver 2.2O 1994/01/13) [Use service coin! (game has issues)];1993;Taito Corporation Japan;YES;-;NO;-;-
ssi;Super Space Invaders '91 (World);1990;Taito Corporation Japan;YES;-;NO;-;-
cupfinal;Taito Cup Finals (Ver 1.0O 1993/02/28);1993;Taito Corporation Japan;YES;-;NO;-;-
pwrgoal;Taito Power Goal (Ver 2.5O 1994/11/03);1994;Taito Corporation Japan;YES;-;NO;-;-
tnzs;The NewZealand Story (World, newer);1988;Taito Corporation Japan;YES;-;NO;-;-
ninjak;The Ninja Kids (World);1990;Taito Corporation Japan;YES;-;NO;-;-
ninjaw;The Ninja Warriors (World, later version);1987;Taito Corporation Japan;YES;-;NO;-;-
thundfox;Thunder Fox (World) [NULL];1990;Taito Corporation Japan;YES;-;NO;-;-
trstar;Top Ranking Stars (Ver 2.1O 1993/05/21) (New Version);1993;Taito Corporation Japan;YES;-;NO;-;-
topspeed;Top Speed (World);1987;Taito Corporation Japan;YES;-;NO;-;-
tcobra2;Twin Cobra II (Ver 2.1O 1995/11/30);1995;Taito Corporation Japan;YES;-;NO;-;-
twinhawk;Twin Hawk (World);1989;Taito Corporation Japan;YES;-;NO;-;-
viofight;Violence Fight (World);1989;Taito Corporation Japan;YES;-;NO;-;-
volfied;Volfied (World, revision 1);1989;Taito Corporation Japan;YES;-;NO;-;-
fantastc;Fantastic (Galaga conversion on Galaxian hardware);198?;Taito do Brasil;YES;-;NO;-;-
kong;Kong (Donkey Kong conversion on Galaxian hardware) [Bad Colours];198?;Taito do Brasil;YES;-;NO;-;-
timefgtr;Time Fighter (Time Pilot conversion on Galaxian hardware) [Bad Colours];198?;Taito do Brasil;YES;-;NO;-;-
rambo3;Rambo III (Europe);1989;Taito Europe Corporation;YES;-;NO;-;-
crusherm;Crusher Makochan (Japan);1999;Takumi;YES;-;NO;-;-
korokoro;Koro Koro Quest (Japan);1999;Takumi;YES;-;NO;-;-
matchit2;Match It II;1993;Tamtex;YES;-;NO;-;-
speedspn;Speed Spin;1994;TCH;YES;-;NO;-;-
blkhole;Black Hole;1981;TDS;YES;-;NO;-;-
ambush;Ambush;1983;Tecfri;YES;-;NO;-;-
sauro;Sauro [Missing speech chip!];1987;Tecfri;YES;-;NO;-;-
trckydoc;Tricky Doc (set 1);1987;Tecfri;YES;-;NO;-;-
dommy;Dommy;198?;Technos;YES;-;NO;-;-
ddragon;Double Dragon (Japan);1987;Technos;YES;-;NO;-;-
ddragon2;Double Dragon II - The Revenge (World);1988;Technos;YES;-;NO;-;-
mystston;Mysterious Stones - Dr. John's Adventure;1984;Technos;YES;-;NO;-;-
scregg;Scrambled Egg;1983;Technos;YES;-;NO;-;-
renegade;Renegade (US);1986;Technos (Taito America license);YES;-;NO;-;-
blockout;Block Out (set 1);1989;Technos + California Dreams;YES;-;NO;-;-
dogfgt;Acrobatic Dog-Fight;1984;Technos Japan;YES;-;NO;-;-
bogeyman;Bogey Manor [NULL];1985;Technos Japan;YES;-;NO;-;-
ddragon3;Double Dragon 3 - The Rosetta Stone (US);1990;Technos Japan;YES;-;NO;-;-
shadfrce;Shadow Force (World, Version 3);1993;Technos Japan;YES;-;NO;-;-
ssozumo;Syusse Oozumou (Japan);1984;Technos Japan;YES;-;NO;-;-
ctribe;The Combatribes (US);1990;Technos Japan;YES;-;NO;-;-
wwfsstar;WWF Superstars (Europe);1989;Technos Japan;YES;-;NO;-;-
wwfwfest;WWF WrestleFest (World);1991;Technos Japan;YES;-;NO;-;-
battlane;Battle Lane! Vol. 5 (set 1);1986;Technos Japan (Taito license);YES;-;NO;-;-
xsleena;Xain'd Sleena (World);1986;Technos Japan (Taito license);YES;-;NO;-;-
chinagat;China Gate (US);1988;Technos Japan (Taito Romstar license);YES;-;NO;-;-
mmonkey;Minky Monkey;1982;Technos Japan / Roller Tron;YES;-;NO;-;-
lizwiz;Lizard Wizard;1985;Techstar (Sunn license);YES;-;NO;-;-
backfirt;Back Fire (Tecmo, bootleg);1988;Tecmo;YES;-;NO;-;-
deroon;Deroon DeroDero [No sound];1995;Tecmo;YES;-;NO;-;-
eightfrc;Eight Forces;1994;Tecmo;YES;-;NO;-;-
fstarfrc;Final Star Force (US);1992;Tecmo;YES;-;NO;-;-
ginkun;Ganbare Ginkun;1995;Tecmo;YES;-;NO;-;-
gemini;Gemini Wing (Japan);1987;Tecmo;YES;-;NO;-;-
nouryoku;Nouryoku Koujou Iinkai;1995;Tecmo;YES;-;NO;-;-
qzkklogy;Quiz Kokology;1992;Tecmo;YES;-;NO;-;-
qzkklgy2;Quiz Kokology 2;1993;Tecmo;YES;-;NO;-;-
stratof;Raiga - Strato Fighter (US);1991;Tecmo;YES;-;NO;-;-
rygar;Rygar (US set 1);1986;Tecmo;YES;-;NO;-;-
shadoww;Shadow Warriors (World, set 1);1988;Tecmo;YES;-;NO;-;-
silkworm;Silk Worm (World);1988;Tecmo;YES;-;NO;-;-
solomon;Solomon's Key (US);1986;Tecmo;YES;-;NO;-;-
tbowl;Tecmo Bowl (World?);1987;Tecmo;YES;-;NO;-;-
tkdensho;Toukidenshou - Angel Eyes (VER. 960614) [No sound];1996;Tecmo;YES;-;NO;-;-
wildfang;Wild Fang / Tecmo Knight;1989;Tecmo;YES;-;NO;-;-
wc90;World Cup '90 (World);1989;Tecmo;YES;ym2608;NO;-;-
bombjack;Bomb Jack (set 1);1984;Tehkan;YES;-;NO;-;-
guzzler;Guzzler;1983;Tehkan;YES;-;NO;-;-
pleiads;Pleiads (Tehkan);1981;Tehkan;YES;-;NO;-;-
swimmer;Swimmer (set 1);1982;Tehkan;YES;-;NO;-;-
route16;Route 16 (set 1);1981;Tehkan/Sun (Centuri license);YES;-;NO;-;-
eggor;Eggor;1982;Telko;YES;-;NO;-;-
mrtnt;Mr. TNT;1982;Telko;YES;-;NO;-;-
batsugun;Batsugun (set 1);1993;Toaplan;YES;-;NO;-;-
demonwld;Demon's World / Horror Story (set 1);1990;Toaplan;YES;-;NO;-;-
dogyuun;Dogyuun;1992;Toaplan;YES;-;NO;-;-
fireshrk;Fire Shark;1990;Toaplan;YES;-;NO;-;-
fixeight;FixEight (Europe);1992;Toaplan;YES;-;NO;-;-
ghox;Ghox (spinner) [No Sound (undumped MCU)];1991;Toaplan;YES;-;NO;-;-
grindstm;Grind Stormer;1992;Toaplan;YES;-;NO;-;-
outzone;Out Zone;1990;Toaplan;YES;-;NO;-;-
pipibibs;Pipi & Bibis / Whoopee!! (Z80 sound cpu, set 1);1991;Toaplan;YES;-;NO;-;-
snowbros;Snow Bros. - Nick & Tom (set 1);1990;Toaplan;YES;-;NO;-;-
tekipaki;Teki Paki;1991;Toaplan;YES;-;NO;-;-
truxton2;Truxton II;1992;Toaplan;YES;-;NO;-;-
vimana;Vimana (World, set 1);1991;Toaplan;YES;-;NO;-;-
zerowing;Zero Wing (2P set);1989;Toaplan;YES;-;NO;-;-
hellfire;Hellfire (2P Ver.);1989;Toaplan (Taito License);YES;-;NO;-;-
kbash;Knuckle Bash;1993;Toaplan / Atari;YES;-;NO;-;-
perfrman;Performan (Japan);1985;Toaplan / Data East Corporation;YES;-;NO;-;-
alcon;Alcon (US);1986;Toaplan / Taito America Corp.;YES;-;NO;-;-
tigerh;Tiger Heli (US);1985;Toaplan / Taito America Corp.;YES;-;NO;-;-
grdian;Guardian;1986;Toaplan / Taito America Corporation (Kitkorp license);YES;-;NO;-;-
fshark;Flying Shark (World);1987;Toaplan / Taito Corporation;YES;-;NO;-;-
twincobr;Twin Cobra (World);1987;Toaplan / Taito Corporation;YES;-;NO;-;-
wardner;Wardner (World);1987;Toaplan / Taito Corporation Japan;YES;-;NO;-;-
rocktrv2;MTV Rock-N-Roll Trivia (Part 2);1986;Triumph Software Inc.;YES;-;NO;-;-
usgames;Games V25.4X;1992;U.S. Games;YES;-;NO;-;-
usg32;Super Duper Casino (California V3.2);1987;U.S. Games;YES;-;NO;-;-
superten;Super Ten V8.3;1988;U.S. Games;YES;-;NO;-;-
burglarx;Burglar X;1997;Unico;YES;-;NO;-;-
drgnmst;Dragon Master;1994;Unico;YES;-;NO;-;-
fncywld;Fancy World - Earth of Crisis;1996;Unico;YES;-;NO;-;-
silkroad;The Legend of Silkroad;1999;Unico;YES;-;NO;-;-
cheekyms;Cheeky Mouse;1980;Universal;YES;-;NO;-;-
cavenger;Cosmic Avenger;1981;Universal;YES;-;NO;-;-
dorunrun;Do! Run Run (set 1);1984;Universal;YES;-;NO;-;-
jjack;Jumping Jack;1984;Universal;YES;-;NO;-;-
kickridr;Kick Rider;1984;Universal;YES;-;NO;-;-
ladybug;Lady Bug;1981;Universal;YES;-;NO;-;-
mrdo;Mr. Do!;1982;Universal;YES;-;NO;-;-
dowild;Mr. Do's Wild Ride;1984;Universal;YES;-;NO;-;-
docastle;Mr. Do's Castle (set 1);1983;Universal;YES;-;NO;-;-
snapjack;Snap Jack;1982;Universal;YES;-;NO;-;-
sraider;Space Raider;1982;Universal;YES;-;NO;-;-
mimonkey;Mighty Monkey;198?;Universal Video Games;YES;-;NO;-;-
flagrall;'96 Flag Rally;1996;unknown;YES;-;NO;-;-
unkpacg;unknown Pac-Man gambling game;199?;unknown;YES;-;NO;-;-
arkarea;Ark Area;1988;UPL;YES;-;NO;-;-
robokid;Atomic Robo-kid (World, Type-2);1988;UPL;YES;-;NO;-;-
blkheart;Black Heart;1991;UPL;YES;nmk004;NO;-;-
strahl;Koutetsu Yousai Strahl (Japan set 1);1992;UPL;YES;nmk004;NO;-;-
mouser;Mouser;1983;UPL;YES;-;NO;-;-
mnight;Mutant Night;1987;UPL;YES;-;NO;-;-
ninjakd2;Ninja-Kid II / NinjaKun Ashura no Shou (set 1);1987;UPL;YES;-;NO;-;-
nova2001;Nova 2001 (Japan);1983;UPL;YES;-;NO;-;-
omegaf;Omega Fighter;1989;UPL;YES;-;NO;-;-
pkunwar;Penguin-Kun Wars (US);1985;UPL;YES;-;NO;-;-
raiders5;Raiders5;1985;UPL;YES;-;NO;-;-
tharrier;Task Force Harrier;1989;UPL;YES;-;NO;-;-
mustang;US AAF Mustang (25th May. 1990);1990;UPL;YES;nmk004;NO;-;-
vandyke;Vandyke (Japan);1990;UPL;YES;nmk004;NO;-;-
xxmissio;XX Mission;1986;UPL;YES;-;NO;-;-
bioship;Bio-ship Paladin;1990;UPL (American Sammy license);YES;nmk004;NO;-;-
acrobatm;Acrobat Mission;1991;UPL (Taito license);YES;nmk004;NO;-;-
ninjakun;Ninjakun Majou no Bouken;1984;UPL (Taito license);YES;-;NO;-;-
bagman;Bagman [Parent set for working drivers];1982;Valadon Automation;YES;-;NO;-;-
aerofgt;Aero Fighters;1992;Video System Co.;YES;-;NO;-;-
f1gp;F-1 Grand Prix;1991;Video System Co.;YES;-;NO;-;-
f1gp2;F-1 Grand Prix Part II;1992;Video System Co.;YES;-;NO;-;-
karatblz;Karate Blazers (World, set 1);1991;Video System Co.;YES;-;NO;-;-
crshrace;Lethal Crash Race (set 1);1993;Video System Co.;YES;-;NO;-;-
pspikes;Power Spikes (World);1991;Video System Co.;YES;-;NO;-;-
taotaido;Tao Taido (set 1);1993;Video System Co.;YES;-;NO;-;-
turbofrc;Turbo Force (World);1991;Video System Co.;YES;-;NO;-;-
welltris;Welltris - Alexey Pajitnov's (World?, 2 players);1991;Video System Co.;YES;-;NO;-;-
blockcar;Block Carnival / Thunder & Lightning 2;1992;Visco;YES;-;NO;-;-
keithlcy;Dramatic Adventure Quiz Keith & Lucy (Japan);1993;Visco;YES;-;NO;-;-
drifto94;Drift Out '94 - The Hard Order (Japan);1994;Visco;YES;-;NO;-;-
galmedes;Galmedes (Japan);1992;Visco;YES;-;NO;-;-
ryorioh;Gourmet Battle Quiz Ryohrioh CooKing (Japan);1998;Visco;YES;-;NO;-;-
koikois2;Koi Koi Shimasho 2 - Super Real Hanafuda (Japan);1997;Visco;YES;-;NO;-;-
eto;Kokontouzai Eto Monogatari (Japan);1994;Visco;YES;-;NO;-;-
janjans1;Lovely Pop Mahjong JangJang Shimasho (Japan);1996;Visco;YES;-;NO;-;-
janjans2;Lovely Pop Mahjong JangJang Shimasho 2 (Japan);2000;Visco;YES;-;NO;-;-
stmblade;Storm Blade (US);1996;Visco;YES;-;NO;-;-
earthjkr;U.N. Defense Force: Earth Joker (Japan);1993;Visco;YES;-;NO;-;-
vasara;Vasara;2000;Visco;YES;-;NO;-;-
vasara2;Vasara 2 (set 1);2001;Visco;YES;-;NO;-;-
driftout;Drift Out (Europe);1991;Visco (Europe);YES;-;NO;-;-
mslider;Monster Slider (Japan);1997;Visco / Datt Japan;YES;-;NO;-;-
psurge;Power Surge;1988;Vision Electronics;YES;-;NO;-;-
rabiolep;Rabio Lepus (Japan);1987;V-System Co.;YES;-;NO;-;-
spinlbrk;Spinal Breakers (World);1990;V-System Co.;YES;-;NO;-;-
svolley;Super Volleyball (Japan);1989;V-System Co.;YES;-;NO;-;-
tail2nos;Tail to Nose - Great Championship;1989;V-System Co.;YES;ym2608;NO;-;-
sjryuko;Sukeban Jansi Ryuko (set 2, System 16B, FD1089B 317-5021);1987;White Board;YES;-;NO;-;-
mcatadv;Magical Cat Adventure;1993;Wintechno;YES;-;NO;-;-
thedeep;The Deep (Japan);1987;Wood Place Inc.;YES;-;NO;-;-
m660;Mission 660 (US);1986;Wood Place Inc. (Taito America Corporation license);YES;-;NO;-;-
mole;Mole Attack;1982;Yachiyo Electronics, Ltd.;YES;-;NO;-;-
ym2608;YM2608 Internal ROM [Internal ROM only];1989;Yamaha;YES;-;NO;-;-
wrofaero;War of Aero - Project MEIOU;1993;Yang Cheng;YES;-;NO;-;-
ladykill;Lady Killer [Imperfect graphics];1993;Yanyaka (Mitchell license);YES;-;NO;-;-
spec2k;Spectrum 2000 (vertical);2000;Yona Tech;YES;-;NO;-;-
mgakuen;Mahjong Gakuen;1988;Yuga;YES;-;NO;-;-
marukin;Super Marukin-Ban (Japan 901017);1990;Yuga;YES;-;NO;-;-
7ordi;7 Ordi (Korea);2002;Yun Sung;YES;-;NO;-;-
bombkick;Bomb Kick (set 1);1998;Yun Sung;YES;-;NO;-;-
garogun;Garogun Seroyang (Korea);2000;Yun Sung;YES;-;NO;-;-
magicbub;Magic Bubble;199?;Yun Sung;YES;-;NO;-;-
magix;Magix / Rock;1995;Yun Sung;YES;-;NO;-;-
nmg5;Multi 5 / New Multi Game 5 (set 1);1998;Yun Sung;YES;-;NO;-;-
paprazzi;Paparazzi;1996;Yun Sung;YES;-;NO;-;-
pclubys;Puzzle Club (Yun Sung, set 1);2000;Yun Sung;YES;-;NO;-;-
rocktris;Rock Tris;1994;Yun Sung;YES;-;NO;-;-
searchey;Search Eye (English / Korean / Japanese / Italian);1999;Yun Sung;YES;-;NO;-;-
searchp2;Search Eye Plus V2.0;1999;Yun Sung;YES;-;NO;-;-
shocking;Shocking;1997;Yun Sung;YES;-;NO;-;-
wondstck;Wonder Stick (set 1);????;Yun Sung;YES;-;NO;-;-
cannball;Cannon Ball (Yun Sung, horizontal);1995;Yun Sung / Soft Vision;YES;-;NO;-;-
scorpion;Scorpion (set 1) [Incomplete Sound];1982;Zaccaria;YES;-;NO;-;-
reaktor;Reaktor (Track & Field conversion);1987;Zilec;YES;-;NO;-;-
cashquiz;Cash Quiz (Type B, Version 5) [Missing graphics due to undumped ROM!];1986;Zilec-Zenitone;YES;-;NO;-;-
merlinmm;Merlins Money Maze;1986;Zilec-Zenitone;YES;-;NO;-;-
wizzquiz;Wizz Quiz (Konami version);1985;Zilec-Zenitone (Konami license);YES;-;NO;-;-
checkman;Check Man;1982;Zilex-Zenitone;YES;-;NO;-;-
